<?xml version='1.0' encoding='UTF-8'?>
<gpx version="1.1" creator="https://www.komoot.de" xmlns="http://www.topografix.com/GPX/1/1" xmlns:xsi="http://www.w3.org/2001/XMLSchema-instance" xsi:schemaLocation="http://www.topografix.com/GPX/1/1 http://www.topografix.com/GPX/1/1/gpx.xsd">
  <metadata>
    <name>M&amp;P2026_Gravel</name>
    <author>
      <link href="https://www.komoot.de">
        <text>komoot</text>
        <type>text/html</type>
      </link>
    </author>
  </metadata>
  <wpt lat="45.229704" lon="11.659459">
    <name>Castello Este</name>
    <desc>Anfiteatro 
Castello dei Carraresi
Este</desc>
    <sym>Flag, Blue</sym>
  </wpt>
  <wpt lat="45.228989" lon="11.659173">
    <name>Castello Este</name>
    <sym>Flag, Blue</sym>
  </wpt>
  <trk>
    <name>M&amp;P2026_Gravel</name>
    <trkseg>
      <trkpt lat="45.229704" lon="11.659459">
        <ele>13.280902</ele>
        <time>2026-05-06T19:30:22.804Z</time>
      </trkpt>
      <trkpt lat="45.229696" lon="11.659467">
        <ele>13.280902</ele>
        <time>2026-05-06T19:30:22.966Z</time>
      </trkpt>
      <trkpt lat="45.229752" lon="11.659579">
        <ele>13.280902</ele>
        <time>2026-05-06T19:30:24.649Z</time>
      </trkpt>
      <trkpt lat="45.229688" lon="11.659645">
        <ele>13.280902</ele>
        <time>2026-05-06T19:30:26.010Z</time>
      </trkpt>
      <trkpt lat="45.229736" lon="11.659733">
        <ele>13.280902</ele>
        <time>2026-05-06T19:30:27.378Z</time>
      </trkpt>
      <trkpt lat="45.229695" lon="11.659779">
        <ele>13.280902</ele>
        <time>2026-05-06T19:30:28.293Z</time>
      </trkpt>
      <trkpt lat="45.229671" lon="11.659808">
        <ele>13.280902</ele>
        <time>2026-05-06T19:30:28.826Z</time>
      </trkpt>
      <trkpt lat="45.229589" lon="11.659669">
        <ele>13.280902</ele>
        <time>2026-05-06T19:30:31.064Z</time>
      </trkpt>
      <trkpt lat="45.229548" lon="11.659714">
        <ele>13.280902</ele>
        <time>2026-05-06T19:30:31.954Z</time>
      </trkpt>
      <trkpt lat="45.229478" lon="11.659787">
        <ele>13.280902</ele>
        <time>2026-05-06T19:30:33.507Z</time>
      </trkpt>
      <trkpt lat="45.229513" lon="11.659840">
        <ele>13.280902</ele>
        <time>2026-05-06T19:30:37.089Z</time>
      </trkpt>
      <trkpt lat="45.229383" lon="11.659753">
        <ele>13.280902</ele>
        <time>2026-05-06T19:30:47.108Z</time>
      </trkpt>
      <trkpt lat="45.229343" lon="11.659805">
        <ele>13.280902</ele>
        <time>2026-05-06T19:30:50.832Z</time>
      </trkpt>
      <trkpt lat="45.228989" lon="11.659173">
        <ele>13.626783</ele>
        <time>2026-05-06T19:31:01.003Z</time>
      </trkpt>
      <trkpt lat="45.228864" lon="11.658949">
        <ele>13.757484</ele>
        <time>2026-05-06T19:31:05.551Z</time>
      </trkpt>
      <trkpt lat="45.228805" lon="11.658844">
        <ele>13.818914</ele>
        <time>2026-05-06T19:31:07.658Z</time>
      </trkpt>
      <trkpt lat="45.228431" lon="11.658168">
        <ele>14.212052</ele>
        <time>2026-05-06T19:31:21.015Z</time>
      </trkpt>
      <trkpt lat="45.228375" lon="11.658004">
        <ele>14.295404</ele>
        <time>2026-05-06T19:31:23.816Z</time>
      </trkpt>
      <trkpt lat="45.228365" lon="11.657891">
        <ele>14.347489</ele>
        <time>2026-05-06T19:31:25.520Z</time>
      </trkpt>
      <trkpt lat="45.228387" lon="11.657808">
        <ele>14.388047</ele>
        <time>2026-05-06T19:31:26.831Z</time>
      </trkpt>
      <trkpt lat="45.228574" lon="11.657436">
        <ele>14.487861</ele>
        <time>2026-05-06T19:31:33.441Z</time>
      </trkpt>
      <trkpt lat="45.228920" lon="11.656777">
        <ele>14.586778</ele>
        <time>2026-05-06T19:31:44.898Z</time>
      </trkpt>
      <trkpt lat="45.229019" lon="11.656599">
        <ele>14.614073</ele>
        <time>2026-05-06T19:31:47.548Z</time>
      </trkpt>
      <trkpt lat="45.229087" lon="11.656483">
        <ele>14.632235</ele>
        <time>2026-05-06T19:31:49.169Z</time>
      </trkpt>
      <trkpt lat="45.229451" lon="11.655876">
        <ele>14.728174</ele>
        <time>2026-05-06T19:31:58.114Z</time>
      </trkpt>
      <trkpt lat="45.229608" lon="11.655595">
        <ele>14.798607</ele>
        <time>2026-05-06T19:32:02.308Z</time>
      </trkpt>
      <trkpt lat="45.229807" lon="11.655237">
        <ele>14.952354</ele>
        <time>2026-05-06T19:32:07.900Z</time>
      </trkpt>
      <trkpt lat="45.229866" lon="11.655134">
        <ele>14.997110</ele>
        <time>2026-05-06T19:32:09.676Z</time>
      </trkpt>
      <trkpt lat="45.229912" lon="11.655053">
        <ele>15.032188</ele>
        <time>2026-05-06T19:32:11.109Z</time>
      </trkpt>
      <trkpt lat="45.230170" lon="11.654640">
        <ele>15.218291</ele>
        <time>2026-05-06T19:32:18.627Z</time>
      </trkpt>
      <trkpt lat="45.230247" lon="11.654523">
        <ele>15.272273</ele>
        <time>2026-05-06T19:32:20.782Z</time>
      </trkpt>
      <trkpt lat="45.230092" lon="11.654338">
        <ele>15.369195</ele>
        <time>2026-05-06T19:32:24.687Z</time>
      </trkpt>
      <trkpt lat="45.230080" lon="11.654323">
        <ele>15.376847</ele>
        <time>2026-05-06T19:32:25.007Z</time>
      </trkpt>
      <trkpt lat="45.230048" lon="11.654286">
        <ele>15.396601</ele>
        <time>2026-05-06T19:32:25.855Z</time>
      </trkpt>
      <trkpt lat="45.229930" lon="11.654148">
        <ele>15.469774</ele>
        <time>2026-05-06T19:32:29.076Z</time>
      </trkpt>
      <trkpt lat="45.229881" lon="11.654093">
        <ele>15.499672</ele>
        <time>2026-05-06T19:32:30.459Z</time>
      </trkpt>
      <trkpt lat="45.229802" lon="11.653966">
        <ele>15.556793</ele>
        <time>2026-05-06T19:32:33.279Z</time>
      </trkpt>
      <trkpt lat="45.229581" lon="11.653619">
        <ele>15.697147</ele>
        <time>2026-05-06T19:32:40.959Z</time>
      </trkpt>
      <trkpt lat="45.229620" lon="11.653547">
        <ele>15.722308</ele>
        <time>2026-05-06T19:32:42.380Z</time>
      </trkpt>
      <trkpt lat="45.229895" lon="11.653029">
        <ele>15.901994</ele>
        <time>2026-05-06T19:32:52.399Z</time>
      </trkpt>
      <trkpt lat="45.230252" lon="11.652470">
        <ele>16.111020</ele>
        <time>2026-05-06T19:33:02.457Z</time>
      </trkpt>
      <trkpt lat="45.230517" lon="11.652025">
        <ele>16.272443</ele>
        <time>2026-05-06T19:33:09.512Z</time>
      </trkpt>
      <trkpt lat="45.230687" lon="11.651671">
        <ele>16.319764</ele>
        <time>2026-05-06T19:33:14.827Z</time>
      </trkpt>
      <trkpt lat="45.230745" lon="11.651427">
        <ele>16.314603</ele>
        <time>2026-05-06T19:33:18.088Z</time>
      </trkpt>
      <trkpt lat="45.230775" lon="11.651267">
        <ele>16.311285</ele>
        <time>2026-05-06T19:33:20.089Z</time>
      </trkpt>
      <trkpt lat="45.230785" lon="11.651227">
        <ele>16.310434</ele>
        <time>2026-05-06T19:33:20.599Z</time>
      </trkpt>
      <trkpt lat="45.231170" lon="11.651354">
        <ele>16.299187</ele>
        <time>2026-05-06T19:33:27.360Z</time>
      </trkpt>
      <trkpt lat="45.231477" lon="11.651404">
        <ele>16.290393</ele>
        <time>2026-05-06T19:33:32.828Z</time>
      </trkpt>
      <trkpt lat="45.231687" lon="11.651386">
        <ele>16.284406</ele>
        <time>2026-05-06T19:33:36.713Z</time>
      </trkpt>
      <trkpt lat="45.231899" lon="11.651241">
        <ele>16.277710</ele>
        <time>2026-05-06T19:33:40.877Z</time>
      </trkpt>
      <trkpt lat="45.232379" lon="11.650800">
        <ele>15.694005</ele>
        <time>2026-05-06T19:33:50.288Z</time>
      </trkpt>
      <trkpt lat="45.232537" lon="11.650524">
        <ele>15.348526</ele>
        <time>2026-05-06T19:33:54.054Z</time>
      </trkpt>
      <trkpt lat="45.232670" lon="11.650481">
        <ele>15.160393</ele>
        <time>2026-05-06T19:33:56.013Z</time>
      </trkpt>
      <trkpt lat="45.232761" lon="11.650387">
        <ele>15.005187</ele>
        <time>2026-05-06T19:33:57.593Z</time>
      </trkpt>
      <trkpt lat="45.233002" lon="11.649905">
        <ele>14.431023</ele>
        <time>2026-05-06T19:34:03.286Z</time>
      </trkpt>
      <trkpt lat="45.233517" lon="11.649157">
        <ele>13.355568</ele>
        <time>2026-05-06T19:34:13.009Z</time>
      </trkpt>
      <trkpt lat="45.233756" lon="11.648924">
        <ele>12.892839</ele>
        <time>2026-05-06T19:34:16.903Z</time>
      </trkpt>
      <trkpt lat="45.234263" lon="11.648532">
        <ele>11.971414</ele>
        <time>2026-05-06T19:34:24.871Z</time>
      </trkpt>
      <trkpt lat="45.234960" lon="11.648072">
        <ele>10.898530</ele>
        <time>2026-05-06T19:34:36.247Z</time>
      </trkpt>
      <trkpt lat="45.235154" lon="11.647886">
        <ele>10.849569</ele>
        <time>2026-05-06T19:34:39.907Z</time>
      </trkpt>
      <trkpt lat="45.235654" lon="11.646928">
        <ele>10.673929</ele>
        <time>2026-05-06T19:34:53.765Z</time>
      </trkpt>
      <trkpt lat="45.236030" lon="11.646329">
        <ele>10.555735</ele>
        <time>2026-05-06T19:35:03.984Z</time>
      </trkpt>
      <trkpt lat="45.236508" lon="11.645638">
        <ele>10.647058</ele>
        <time>2026-05-06T19:35:16.822Z</time>
      </trkpt>
      <trkpt lat="45.236725" lon="11.645375">
        <ele>10.692798</ele>
        <time>2026-05-06T19:35:22.167Z</time>
      </trkpt>
      <trkpt lat="45.236863" lon="11.645258">
        <ele>10.718567</ele>
        <time>2026-05-06T19:35:25.167Z</time>
      </trkpt>
      <trkpt lat="45.237844" lon="11.644687">
        <ele>10.813988</ele>
        <time>2026-05-06T19:35:43.112Z</time>
      </trkpt>
      <trkpt lat="45.237991" lon="11.644590">
        <ele>10.804517</ele>
        <time>2026-05-06T19:35:45.807Z</time>
      </trkpt>
      <trkpt lat="45.238137" lon="11.644451">
        <ele>10.794246</ele>
        <time>2026-05-06T19:35:48.748Z</time>
      </trkpt>
      <trkpt lat="45.238266" lon="11.644257">
        <ele>10.783267</ele>
        <time>2026-05-06T19:35:51.925Z</time>
      </trkpt>
      <trkpt lat="45.238307" lon="11.644122">
        <ele>10.777218</ele>
        <time>2026-05-06T19:35:53.696Z</time>
      </trkpt>
      <trkpt lat="45.238323" lon="11.643861">
        <ele>10.766438</ele>
        <time>2026-05-06T19:35:56.832Z</time>
      </trkpt>
      <trkpt lat="45.238377" lon="11.643548">
        <ele>10.753179</ele>
        <time>2026-05-06T19:36:00.674Z</time>
      </trkpt>
      <trkpt lat="45.238432" lon="11.643396">
        <ele>10.746148</ele>
        <time>2026-05-06T19:36:02.698Z</time>
      </trkpt>
      <trkpt lat="45.238510" lon="11.643266">
        <ele>10.739120</ele>
        <time>2026-05-06T19:36:04.718Z</time>
      </trkpt>
      <trkpt lat="45.238651" lon="11.643123">
        <ele>10.728996</ele>
        <time>2026-05-06T19:36:07.625Z</time>
      </trkpt>
      <trkpt lat="45.238996" lon="11.642930">
        <ele>10.771822</ele>
        <time>2026-05-06T19:36:13.944Z</time>
      </trkpt>
      <trkpt lat="45.239912" lon="11.642591">
        <ele>10.882606</ele>
        <time>2026-05-06T19:36:30.403Z</time>
      </trkpt>
      <trkpt lat="45.240727" lon="11.642146">
        <ele>11.029043</ele>
        <time>2026-05-06T19:36:46.291Z</time>
      </trkpt>
      <trkpt lat="45.241257" lon="11.641902">
        <ele>11.157679</ele>
        <time>2026-05-06T19:36:57.178Z</time>
      </trkpt>
      <trkpt lat="45.241551" lon="11.641764">
        <ele>11.229169</ele>
        <time>2026-05-06T19:37:03.221Z</time>
      </trkpt>
      <trkpt lat="45.244794" lon="11.640256">
        <ele>11.088194</ele>
        <time>2026-05-06T19:38:00.906Z</time>
      </trkpt>
      <trkpt lat="45.244968" lon="11.640043">
        <ele>11.050741</ele>
        <time>2026-05-06T19:38:04.462Z</time>
      </trkpt>
      <trkpt lat="45.245029" lon="11.639847">
        <ele>11.026141</ele>
        <time>2026-05-06T19:38:06.903Z</time>
      </trkpt>
      <trkpt lat="45.245031" lon="11.639601">
        <ele>10.997899</ele>
        <time>2026-05-06T19:38:09.807Z</time>
      </trkpt>
      <trkpt lat="45.244964" lon="11.638912">
        <ele>10.948936</ele>
        <time>2026-05-06T19:38:17.958Z</time>
      </trkpt>
      <trkpt lat="45.244887" lon="11.638116">
        <ele>10.912088</ele>
        <time>2026-05-06T19:38:27.499Z</time>
      </trkpt>
      <trkpt lat="45.243160" lon="11.638426">
        <ele>10.855749</ele>
        <time>2026-05-06T19:39:01.127Z</time>
      </trkpt>
      <trkpt lat="45.242607" lon="11.638453">
        <ele>10.858050</ele>
        <time>2026-05-06T19:39:11.483Z</time>
      </trkpt>
      <trkpt lat="45.242289" lon="11.638384">
        <ele>10.859388</ele>
        <time>2026-05-06T19:39:17.621Z</time>
      </trkpt>
      <trkpt lat="45.241194" lon="11.637890">
        <ele>10.986774</ele>
        <time>2026-05-06T19:39:40.446Z</time>
      </trkpt>
      <trkpt lat="45.239353" lon="11.637104">
        <ele>11.087727</ele>
        <time>2026-05-06T19:40:18.401Z</time>
      </trkpt>
      <trkpt lat="45.239292" lon="11.637078">
        <ele>11.088277</ele>
        <time>2026-05-06T19:40:19.592Z</time>
      </trkpt>
      <trkpt lat="45.237116" lon="11.636161">
        <ele>10.824228</ele>
        <time>2026-05-06T19:41:01.971Z</time>
      </trkpt>
      <trkpt lat="45.235935" lon="11.635664">
        <ele>10.753815</ele>
        <time>2026-05-06T19:41:25.128Z</time>
      </trkpt>
      <trkpt lat="45.235158" lon="11.635395">
        <ele>10.736152</ele>
        <time>2026-05-06T19:41:40.573Z</time>
      </trkpt>
      <trkpt lat="45.232914" lon="11.634289">
        <ele>10.952448</ele>
        <time>2026-05-06T19:42:27.553Z</time>
      </trkpt>
      <trkpt lat="45.232009" lon="11.633982">
        <ele>11.009838</ele>
        <time>2026-05-06T19:42:45.633Z</time>
      </trkpt>
      <trkpt lat="45.228830" lon="11.633390">
        <ele>11.274451</ele>
        <time>2026-05-06T19:43:47.616Z</time>
      </trkpt>
      <trkpt lat="45.226820" lon="11.633048">
        <ele>11.652329</ele>
        <time>2026-05-06T19:44:28.839Z</time>
      </trkpt>
      <trkpt lat="45.226561" lon="11.633068">
        <ele>11.706905</ele>
        <time>2026-05-06T19:44:33.980Z</time>
      </trkpt>
      <trkpt lat="45.226173" lon="11.633180">
        <ele>11.702409</ele>
        <time>2026-05-06T19:44:41.705Z</time>
      </trkpt>
      <trkpt lat="45.225738" lon="11.633366">
        <ele>11.680621</ele>
        <time>2026-05-06T19:44:50.548Z</time>
      </trkpt>
      <trkpt lat="45.225302" lon="11.633631">
        <ele>11.657874</ele>
        <time>2026-05-06T19:44:59.546Z</time>
      </trkpt>
      <trkpt lat="45.224689" lon="11.634070">
        <ele>11.586811</ele>
        <time>2026-05-06T19:45:12.197Z</time>
      </trkpt>
      <trkpt lat="45.224271" lon="11.634296">
        <ele>11.456251</ele>
        <time>2026-05-06T19:45:20.446Z</time>
      </trkpt>
      <trkpt lat="45.224214" lon="11.634320">
        <ele>11.438897</ele>
        <time>2026-05-06T19:45:21.539Z</time>
      </trkpt>
      <trkpt lat="45.224170" lon="11.634339">
        <ele>11.425473</ele>
        <time>2026-05-06T19:45:22.363Z</time>
      </trkpt>
      <trkpt lat="45.223849" lon="11.634401">
        <ele>11.330911</ele>
        <time>2026-05-06T19:45:28.278Z</time>
      </trkpt>
      <trkpt lat="45.223580" lon="11.634395">
        <ele>11.252381</ele>
        <time>2026-05-06T19:45:33.148Z</time>
      </trkpt>
      <trkpt lat="45.223429" lon="11.634436">
        <ele>11.207506</ele>
        <time>2026-05-06T19:45:35.932Z</time>
      </trkpt>
      <trkpt lat="45.223268" lon="11.634489">
        <ele>11.159264</ele>
        <time>2026-05-06T19:45:41.354Z</time>
      </trkpt>
      <trkpt lat="45.222477" lon="11.635004">
        <ele>10.986110</ele>
        <time>2026-05-06T19:46:10.358Z</time>
      </trkpt>
      <trkpt lat="45.222257" lon="11.635191">
        <ele>10.941197</ele>
        <time>2026-05-06T19:46:18.909Z</time>
      </trkpt>
      <trkpt lat="45.221737" lon="11.635750">
        <ele>10.826951</ele>
        <time>2026-05-06T19:46:40.519Z</time>
      </trkpt>
      <trkpt lat="45.221322" lon="11.636076">
        <ele>10.764034</ele>
        <time>2026-05-06T19:46:56.272Z</time>
      </trkpt>
      <trkpt lat="45.221091" lon="11.636448">
        <ele>10.728277</ele>
        <time>2026-05-06T19:47:07.849Z</time>
      </trkpt>
      <trkpt lat="45.218900" lon="11.638317">
        <ele>10.489280</ele>
        <time>2026-05-06T19:47:56.241Z</time>
      </trkpt>
      <trkpt lat="45.218245" lon="11.638907">
        <ele>10.442713</ele>
        <time>2026-05-06T19:48:10.920Z</time>
      </trkpt>
      <trkpt lat="45.216658" lon="11.640372">
        <ele>10.394160</ele>
        <time>2026-05-06T19:48:47.199Z</time>
      </trkpt>
      <trkpt lat="45.209844" lon="11.646795">
        <ele>10.253587</ele>
        <time>2026-05-06T19:51:23.707Z</time>
      </trkpt>
      <trkpt lat="45.208667" lon="11.647841">
        <ele>10.116270</ele>
        <time>2026-05-06T19:51:49.732Z</time>
      </trkpt>
      <trkpt lat="45.207960" lon="11.648324">
        <ele>10.024231</ele>
        <time>2026-05-06T19:52:04.571Z</time>
      </trkpt>
      <trkpt lat="45.207412" lon="11.648590">
        <ele>9.970816</ele>
        <time>2026-05-06T19:52:15.590Z</time>
      </trkpt>
      <trkpt lat="45.206798" lon="11.648815">
        <ele>9.912332</ele>
        <time>2026-05-06T19:52:27.491Z</time>
      </trkpt>
      <trkpt lat="45.205914" lon="11.648953">
        <ele>9.812983</ele>
        <time>2026-05-06T19:52:44.353Z</time>
      </trkpt>
      <trkpt lat="45.205965" lon="11.649005">
        <ele>9.803793</ele>
        <time>2026-05-06T19:52:45.393Z</time>
      </trkpt>
      <trkpt lat="45.206016" lon="11.649014">
        <ele>9.796271</ele>
        <time>2026-05-06T19:52:46.311Z</time>
      </trkpt>
      <trkpt lat="45.206517" lon="11.648975">
        <ele>9.722835</ele>
        <time>2026-05-06T19:52:55.079Z</time>
      </trkpt>
      <trkpt lat="45.206873" lon="11.648906">
        <ele>9.670247</ele>
        <time>2026-05-06T19:53:01.042Z</time>
      </trkpt>
      <trkpt lat="45.207372" lon="11.648760">
        <ele>9.593844</ele>
        <time>2026-05-06T19:53:09.265Z</time>
      </trkpt>
      <trkpt lat="45.207453" lon="11.648766">
        <ele>9.557939</ele>
        <time>2026-05-06T19:53:10.559Z</time>
      </trkpt>
      <trkpt lat="45.207578" lon="11.648881">
        <ele>9.491998</ele>
        <time>2026-05-06T19:53:12.958Z</time>
      </trkpt>
      <trkpt lat="45.207599" lon="11.648931">
        <ele>9.473844</ele>
        <time>2026-05-06T19:53:13.608Z</time>
      </trkpt>
      <trkpt lat="45.207621" lon="11.648992">
        <ele>9.452472</ele>
        <time>2026-05-06T19:53:14.381Z</time>
      </trkpt>
      <trkpt lat="45.207731" lon="11.649347">
        <ele>9.331521</ele>
        <time>2026-05-06T19:53:18.938Z</time>
      </trkpt>
      <trkpt lat="45.207748" lon="11.649400">
        <ele>9.313359</ele>
        <time>2026-05-06T19:53:19.591Z</time>
      </trkpt>
      <trkpt lat="45.207789" lon="11.649404">
        <ele>9.295167</ele>
        <time>2026-05-06T19:53:20.249Z</time>
      </trkpt>
      <trkpt lat="45.208141" lon="11.649176">
        <ele>9.123890</ele>
        <time>2026-05-06T19:53:26.294Z</time>
      </trkpt>
      <trkpt lat="45.208239" lon="11.649177">
        <ele>9.080507</ele>
        <time>2026-05-06T19:53:27.819Z</time>
      </trkpt>
      <trkpt lat="45.208316" lon="11.649067">
        <ele>9.032147</ele>
        <time>2026-05-06T19:53:29.519Z</time>
      </trkpt>
      <trkpt lat="45.208741" lon="11.648814">
        <ele>8.828137</ele>
        <time>2026-05-06T19:53:36.764Z</time>
      </trkpt>
      <trkpt lat="45.208917" lon="11.648681">
        <ele>8.826576</ele>
        <time>2026-05-06T19:53:40.031Z</time>
      </trkpt>
      <trkpt lat="45.209110" lon="11.648536">
        <ele>8.868416</ele>
        <time>2026-05-06T19:53:43.708Z</time>
      </trkpt>
      <trkpt lat="45.209825" lon="11.647890">
        <ele>9.030814</ele>
        <time>2026-05-06T19:53:58.999Z</time>
      </trkpt>
      <trkpt lat="45.210012" lon="11.647750">
        <ele>9.071323</ele>
        <time>2026-05-06T19:54:02.991Z</time>
      </trkpt>
      <trkpt lat="45.210309" lon="11.647597">
        <ele>9.131862</ele>
        <time>2026-05-06T19:54:09.218Z</time>
      </trkpt>
      <trkpt lat="45.210427" lon="11.647587">
        <ele>9.157348</ele>
        <time>2026-05-06T19:54:11.615Z</time>
      </trkpt>
      <trkpt lat="45.210620" lon="11.647614">
        <ele>9.205603</ele>
        <time>2026-05-06T19:54:15.996Z</time>
      </trkpt>
      <trkpt lat="45.211456" lon="11.647839">
        <ele>9.417324</ele>
        <time>2026-05-06T19:54:34.654Z</time>
      </trkpt>
      <trkpt lat="45.212377" lon="11.647927">
        <ele>9.552839</ele>
        <time>2026-05-06T19:54:52.802Z</time>
      </trkpt>
      <trkpt lat="45.212733" lon="11.647895">
        <ele>9.488096</ele>
        <time>2026-05-06T19:54:59.493Z</time>
      </trkpt>
      <trkpt lat="45.212992" lon="11.647934">
        <ele>9.440824</ele>
        <time>2026-05-06T19:55:04.219Z</time>
      </trkpt>
      <trkpt lat="45.213354" lon="11.648063">
        <ele>9.373083</ele>
        <time>2026-05-06T19:55:11.124Z</time>
      </trkpt>
      <trkpt lat="45.213729" lon="11.648288">
        <ele>9.299191</ele>
        <time>2026-05-06T19:55:18.794Z</time>
      </trkpt>
      <trkpt lat="45.213942" lon="11.648513">
        <ele>9.274769</ele>
        <time>2026-05-06T19:55:23.838Z</time>
      </trkpt>
      <trkpt lat="45.215321" lon="11.650214">
        <ele>9.459067</ele>
        <time>2026-05-06T19:56:00.126Z</time>
      </trkpt>
      <trkpt lat="45.215375" lon="11.650259">
        <ele>9.462272</ele>
        <time>2026-05-06T19:56:01.398Z</time>
      </trkpt>
      <trkpt lat="45.215864" lon="11.650681">
        <ele>9.491565</ele>
        <time>2026-05-06T19:56:12.511Z</time>
      </trkpt>
      <trkpt lat="45.216189" lon="11.650905">
        <ele>9.510057</ele>
        <time>2026-05-06T19:56:19.454Z</time>
      </trkpt>
      <trkpt lat="45.216514" lon="11.650999">
        <ele>9.527035</ele>
        <time>2026-05-06T19:56:25.752Z</time>
      </trkpt>
      <trkpt lat="45.216720" lon="11.651101">
        <ele>9.538202</ele>
        <time>2026-05-06T19:56:29.918Z</time>
      </trkpt>
      <trkpt lat="45.217107" lon="11.651418">
        <ele>9.559938</ele>
        <time>2026-05-06T19:56:38.649Z</time>
      </trkpt>
      <trkpt lat="45.217531" lon="11.652047">
        <ele>9.589053</ele>
        <time>2026-05-06T19:56:50.614Z</time>
      </trkpt>
      <trkpt lat="45.217632" lon="11.652139">
        <ele>9.594750</ele>
        <time>2026-05-06T19:56:52.924Z</time>
      </trkpt>
      <trkpt lat="45.217802" lon="11.652209">
        <ele>9.603154</ele>
        <time>2026-05-06T19:56:56.303Z</time>
      </trkpt>
      <trkpt lat="45.218245" lon="11.652319">
        <ele>9.624504</ele>
        <time>2026-05-06T19:57:04.954Z</time>
      </trkpt>
      <trkpt lat="45.218660" lon="11.652532">
        <ele>9.722026</ele>
        <time>2026-05-06T19:57:13.523Z</time>
      </trkpt>
      <trkpt lat="45.218749" lon="11.652623">
        <ele>9.754476</ele>
        <time>2026-05-06T19:57:15.680Z</time>
      </trkpt>
      <trkpt lat="45.218859" lon="11.652801">
        <ele>9.803824</ele>
        <time>2026-05-06T19:57:19.047Z</time>
      </trkpt>
      <trkpt lat="45.219355" lon="11.653359">
        <ele>9.991059</ele>
        <time>2026-05-06T19:57:32.286Z</time>
      </trkpt>
      <trkpt lat="45.219495" lon="11.653628">
        <ele>10.060761</ele>
        <time>2026-05-06T19:57:37.296Z</time>
      </trkpt>
      <trkpt lat="45.219718" lon="11.654195">
        <ele>10.196406</ele>
        <time>2026-05-06T19:57:47.067Z</time>
      </trkpt>
      <trkpt lat="45.219824" lon="11.654358">
        <ele>10.243072</ele>
        <time>2026-05-06T19:57:50.395Z</time>
      </trkpt>
      <trkpt lat="45.221310" lon="11.655416">
        <ele>10.764265</ele>
        <time>2026-05-06T19:58:24.024Z</time>
      </trkpt>
      <trkpt lat="45.221465" lon="11.655522">
        <ele>10.847891</ele>
        <time>2026-05-06T19:58:27.602Z</time>
      </trkpt>
      <trkpt lat="45.221692" lon="11.655704">
        <ele>10.974608</ele>
        <time>2026-05-06T19:58:32.465Z</time>
      </trkpt>
      <trkpt lat="45.221785" lon="11.655717">
        <ele>11.020031</ele>
        <time>2026-05-06T19:58:34.181Z</time>
      </trkpt>
      <trkpt lat="45.221841" lon="11.655761">
        <ele>11.051141</ele>
        <time>2026-05-06T19:58:35.391Z</time>
      </trkpt>
      <trkpt lat="45.221918" lon="11.655808">
        <ele>11.091881</ele>
        <time>2026-05-06T19:58:36.968Z</time>
      </trkpt>
      <trkpt lat="45.222032" lon="11.655868">
        <ele>11.150978</ele>
        <time>2026-05-06T19:58:39.300Z</time>
      </trkpt>
      <trkpt lat="45.222162" lon="11.655892">
        <ele>11.214699</ele>
        <time>2026-05-06T19:58:41.899Z</time>
      </trkpt>
      <trkpt lat="45.222289" lon="11.656005">
        <ele>11.287551</ele>
        <time>2026-05-06T19:58:44.879Z</time>
      </trkpt>
      <trkpt lat="45.222570" lon="11.656383">
        <ele>11.475710</ele>
        <time>2026-05-06T19:58:52.901Z</time>
      </trkpt>
      <trkpt lat="45.222687" lon="11.656490">
        <ele>11.543358</ele>
        <time>2026-05-06T19:58:55.785Z</time>
      </trkpt>
      <trkpt lat="45.222680" lon="11.656516">
        <ele>11.552887</ele>
        <time>2026-05-06T19:58:56.178Z</time>
      </trkpt>
      <trkpt lat="45.222714" lon="11.656530">
        <ele>11.570095</ele>
        <time>2026-05-06T19:58:58.604Z</time>
      </trkpt>
      <trkpt lat="45.222736" lon="11.656630">
        <ele>11.591996</ele>
        <time>2026-05-06T19:59:00.075Z</time>
      </trkpt>
      <trkpt lat="45.222813" lon="11.656725">
        <ele>11.619664</ele>
        <time>2026-05-06T19:59:02.042Z</time>
      </trkpt>
      <trkpt lat="45.222798" lon="11.656757">
        <ele>11.627007</ele>
        <time>2026-05-06T19:59:02.554Z</time>
      </trkpt>
      <trkpt lat="45.222788" lon="11.656776">
        <ele>11.631539</ele>
        <time>2026-05-06T19:59:02.867Z</time>
      </trkpt>
      <trkpt lat="45.222767" lon="11.656899">
        <ele>11.655717</ele>
        <time>2026-05-06T19:59:04.545Z</time>
      </trkpt>
      <trkpt lat="45.222774" lon="11.657045">
        <ele>11.683673</ele>
        <time>2026-05-06T19:59:06.458Z</time>
      </trkpt>
      <trkpt lat="45.222753" lon="11.657118">
        <ele>11.698737</ele>
        <time>2026-05-06T19:59:07.496Z</time>
      </trkpt>
      <trkpt lat="45.222996" lon="11.657379">
        <ele>11.781380</ele>
        <time>2026-05-06T19:59:13.123Z</time>
      </trkpt>
      <trkpt lat="45.223253" lon="11.657666">
        <ele>11.870064</ele>
        <time>2026-05-06T19:59:18.988Z</time>
      </trkpt>
      <trkpt lat="45.223406" lon="11.657818">
        <ele>11.920712</ele>
        <time>2026-05-06T19:59:22.336Z</time>
      </trkpt>
      <trkpt lat="45.223811" lon="11.658217">
        <ele>12.054414</ele>
        <time>2026-05-06T19:59:31.016Z</time>
      </trkpt>
      <trkpt lat="45.223972" lon="11.658373">
        <ele>12.134777</ele>
        <time>2026-05-06T19:59:34.357Z</time>
      </trkpt>
      <trkpt lat="45.224505" lon="11.658886">
        <ele>12.415953</ele>
        <time>2026-05-06T19:59:45.371Z</time>
      </trkpt>
      <trkpt lat="45.224597" lon="11.658988">
        <ele>12.466922</ele>
        <time>2026-05-06T19:59:47.432Z</time>
      </trkpt>
      <trkpt lat="45.224606" lon="11.659031">
        <ele>12.480719</ele>
        <time>2026-05-06T19:59:48.021Z</time>
      </trkpt>
      <trkpt lat="45.224946" lon="11.659629">
        <ele>12.717079</ele>
        <time>2026-05-06T19:59:58.822Z</time>
      </trkpt>
      <trkpt lat="45.225270" lon="11.660151">
        <ele>12.914425</ele>
        <time>2026-05-06T20:00:09.803Z</time>
      </trkpt>
      <trkpt lat="45.225536" lon="11.660588">
        <ele>13.056654</ele>
        <time>2026-05-06T20:00:18.825Z</time>
      </trkpt>
      <trkpt lat="45.225685" lon="11.660411">
        <ele>13.124578</ele>
        <time>2026-05-06T20:00:22.779Z</time>
      </trkpt>
      <trkpt lat="45.225729" lon="11.660353">
        <ele>13.145569</ele>
        <time>2026-05-06T20:00:23.929Z</time>
      </trkpt>
      <trkpt lat="45.225832" lon="11.660231">
        <ele>13.192466</ele>
        <time>2026-05-06T20:00:26.376Z</time>
      </trkpt>
      <trkpt lat="45.225864" lon="11.660183">
        <ele>13.208741</ele>
        <time>2026-05-06T20:00:27.421Z</time>
      </trkpt>
      <trkpt lat="45.226163" lon="11.660502">
        <ele>13.339504</ele>
        <time>2026-05-06T20:00:33.803Z</time>
      </trkpt>
      <trkpt lat="45.226340" lon="11.660581">
        <ele>13.404373</ele>
        <time>2026-05-06T20:00:36.880Z</time>
      </trkpt>
      <trkpt lat="45.226410" lon="11.660646">
        <ele>13.433616</ele>
        <time>2026-05-06T20:00:38.236Z</time>
      </trkpt>
      <trkpt lat="45.226705" lon="11.660807">
        <ele>13.360537</ele>
        <time>2026-05-06T20:00:43.280Z</time>
      </trkpt>
      <trkpt lat="45.226795" lon="11.660927">
        <ele>13.286598</ele>
        <time>2026-05-06T20:00:45.189Z</time>
      </trkpt>
      <trkpt lat="45.226842" lon="11.661105">
        <ele>13.206417</ele>
        <time>2026-05-06T20:00:47.243Z</time>
      </trkpt>
      <trkpt lat="45.226803" lon="11.661402">
        <ele>13.078987</ele>
        <time>2026-05-06T20:00:50.452Z</time>
      </trkpt>
      <trkpt lat="45.226426" lon="11.662182">
        <ele>12.679971</ele>
        <time>2026-05-06T20:01:00.451Z</time>
      </trkpt>
      <trkpt lat="45.226208" lon="11.662800">
        <ele>12.394174</ele>
        <time>2026-05-06T20:01:08.495Z</time>
      </trkpt>
      <trkpt lat="45.226042" lon="11.663496">
        <ele>12.248184</ele>
        <time>2026-05-06T20:01:16.770Z</time>
      </trkpt>
      <trkpt lat="45.226040" lon="11.663521">
        <ele>12.243185</ele>
        <time>2026-05-06T20:01:17.049Z</time>
      </trkpt>
      <trkpt lat="45.225983" lon="11.664129">
        <ele>12.121325</ele>
        <time>2026-05-06T20:01:23.901Z</time>
      </trkpt>
      <trkpt lat="45.225939" lon="11.664347">
        <ele>12.076271</ele>
        <time>2026-05-06T20:01:26.499Z</time>
      </trkpt>
      <trkpt lat="45.225844" lon="11.664527">
        <ele>12.031583</ele>
        <time>2026-05-06T20:01:29.126Z</time>
      </trkpt>
      <trkpt lat="45.225665" lon="11.664688">
        <ele>11.971811</ele>
        <time>2026-05-06T20:01:32.712Z</time>
      </trkpt>
      <trkpt lat="45.225443" lon="11.664769">
        <ele>11.907154</ele>
        <time>2026-05-06T20:01:36.671Z</time>
      </trkpt>
      <trkpt lat="45.225301" lon="11.664846">
        <ele>11.872309</ele>
        <time>2026-05-06T20:01:39.314Z</time>
      </trkpt>
      <trkpt lat="45.225153" lon="11.665032">
        <ele>11.832760</ele>
        <time>2026-05-06T20:01:42.693Z</time>
      </trkpt>
      <trkpt lat="45.224951" lon="11.665759">
        <ele>11.722615</ele>
        <time>2026-05-06T20:01:51.926Z</time>
      </trkpt>
      <trkpt lat="45.224832" lon="11.666037">
        <ele>11.676767</ele>
        <time>2026-05-06T20:01:55.743Z</time>
      </trkpt>
      <trkpt lat="45.224745" lon="11.666176">
        <ele>11.650559</ele>
        <time>2026-05-06T20:01:57.902Z</time>
      </trkpt>
      <trkpt lat="45.224284" lon="11.666717">
        <ele>11.531143</ele>
        <time>2026-05-06T20:02:07.542Z</time>
      </trkpt>
      <trkpt lat="45.223901" lon="11.667407">
        <ele>11.436078</ele>
        <time>2026-05-06T20:02:17.430Z</time>
      </trkpt>
      <trkpt lat="45.223519" lon="11.667897">
        <ele>11.356983</ele>
        <time>2026-05-06T20:02:26.055Z</time>
      </trkpt>
      <trkpt lat="45.223449" lon="11.668023">
        <ele>11.339617</ele>
        <time>2026-05-06T20:02:28.020Z</time>
      </trkpt>
      <trkpt lat="45.223352" lon="11.668301">
        <ele>11.306045</ele>
        <time>2026-05-06T20:02:31.863Z</time>
      </trkpt>
      <trkpt lat="45.223345" lon="11.669101">
        <ele>11.229708</ele>
        <time>2026-05-06T20:02:41.890Z</time>
      </trkpt>
      <trkpt lat="45.223240" lon="11.669580">
        <ele>11.190776</ele>
        <time>2026-05-06T20:02:47.995Z</time>
      </trkpt>
      <trkpt lat="45.223040" lon="11.670089">
        <ele>11.145544</ele>
        <time>2026-05-06T20:02:54.898Z</time>
      </trkpt>
      <trkpt lat="45.222483" lon="11.671261">
        <ele>11.009273</ele>
        <time>2026-05-06T20:03:11.143Z</time>
      </trkpt>
      <trkpt lat="45.222283" lon="11.671766">
        <ele>10.909240</ele>
        <time>2026-05-06T20:03:17.778Z</time>
      </trkpt>
      <trkpt lat="45.222209" lon="11.671911">
        <ele>10.878322</ele>
        <time>2026-05-06T20:03:19.843Z</time>
      </trkpt>
      <trkpt lat="45.221882" lon="11.672390">
        <ele>10.763145</ele>
        <time>2026-05-06T20:03:27.585Z</time>
      </trkpt>
      <trkpt lat="45.221822" lon="11.672536">
        <ele>10.733959</ele>
        <time>2026-05-06T20:03:29.567Z</time>
      </trkpt>
      <trkpt lat="45.221756" lon="11.672824">
        <ele>10.681666</ele>
        <time>2026-05-06T20:03:33.109Z</time>
      </trkpt>
      <trkpt lat="45.221746" lon="11.673140">
        <ele>10.627048</ele>
        <time>2026-05-06T20:03:36.831Z</time>
      </trkpt>
      <trkpt lat="45.221973" lon="11.674251">
        <ele>10.533323</ele>
        <time>2026-05-06T20:03:50.434Z</time>
      </trkpt>
      <trkpt lat="45.222109" lon="11.675504">
        <ele>10.437030</ele>
        <time>2026-05-06T20:04:05.399Z</time>
      </trkpt>
      <trkpt lat="45.222137" lon="11.676083">
        <ele>10.448973</ele>
        <time>2026-05-06T20:04:12.393Z</time>
      </trkpt>
      <trkpt lat="45.222112" lon="11.676238">
        <ele>10.459693</ele>
        <time>2026-05-06T20:04:14.335Z</time>
      </trkpt>
      <trkpt lat="45.222062" lon="11.676377">
        <ele>10.470215</ele>
        <time>2026-05-06T20:04:16.260Z</time>
      </trkpt>
      <trkpt lat="45.221988" lon="11.676492">
        <ele>10.480716</ele>
        <time>2026-05-06T20:04:18.193Z</time>
      </trkpt>
      <trkpt lat="45.221558" lon="11.676964">
        <ele>10.532740</ele>
        <time>2026-05-06T20:04:27.817Z</time>
      </trkpt>
      <trkpt lat="45.221505" lon="11.677040">
        <ele>10.539951</ele>
        <time>2026-05-06T20:04:29.145Z</time>
      </trkpt>
      <trkpt lat="45.221457" lon="11.677212">
        <ele>10.552423</ele>
        <time>2026-05-06T20:04:31.465Z</time>
      </trkpt>
      <trkpt lat="45.221471" lon="11.677350">
        <ele>10.561823</ele>
        <time>2026-05-06T20:04:33.206Z</time>
      </trkpt>
      <trkpt lat="45.221510" lon="11.677455">
        <ele>10.569826</ele>
        <time>2026-05-06T20:04:34.695Z</time>
      </trkpt>
      <trkpt lat="45.221882" lon="11.677981">
        <ele>10.605787</ele>
        <time>2026-05-06T20:04:43.920Z</time>
      </trkpt>
      <trkpt lat="45.222203" lon="11.678630">
        <ele>10.629042</ele>
        <time>2026-05-06T20:04:53.675Z</time>
      </trkpt>
      <trkpt lat="45.222634" lon="11.679107">
        <ele>10.651794</ele>
        <time>2026-05-06T20:05:03.096Z</time>
      </trkpt>
      <trkpt lat="45.222735" lon="11.679275">
        <ele>10.658271</ele>
        <time>2026-05-06T20:05:05.751Z</time>
      </trkpt>
      <trkpt lat="45.222808" lon="11.679481">
        <ele>10.665034</ele>
        <time>2026-05-06T20:05:08.509Z</time>
      </trkpt>
      <trkpt lat="45.222937" lon="11.680003">
        <ele>10.658888</ele>
        <time>2026-05-06T20:05:15.090Z</time>
      </trkpt>
      <trkpt lat="45.223023" lon="11.680179">
        <ele>10.653044</ele>
        <time>2026-05-06T20:05:17.637Z</time>
      </trkpt>
      <trkpt lat="45.223119" lon="11.680275">
        <ele>10.648496</ele>
        <time>2026-05-06T20:05:19.632Z</time>
      </trkpt>
      <trkpt lat="45.223491" lon="11.680526">
        <ele>10.632543</ele>
        <time>2026-05-06T20:05:26.712Z</time>
      </trkpt>
      <trkpt lat="45.223717" lon="11.680780">
        <ele>10.621378</ele>
        <time>2026-05-06T20:05:31.657Z</time>
      </trkpt>
      <trkpt lat="45.223848" lon="11.681079">
        <ele>10.611771</ele>
        <time>2026-05-06T20:05:35.870Z</time>
      </trkpt>
      <trkpt lat="45.224076" lon="11.681818">
        <ele>10.592701</ele>
        <time>2026-05-06T20:05:45.512Z</time>
      </trkpt>
      <trkpt lat="45.224206" lon="11.682090">
        <ele>10.586308</ele>
        <time>2026-05-06T20:05:49.446Z</time>
      </trkpt>
      <trkpt lat="45.224302" lon="11.682199">
        <ele>10.582914</ele>
        <time>2026-05-06T20:05:51.542Z</time>
      </trkpt>
      <trkpt lat="45.224474" lon="11.682303">
        <ele>10.577751</ele>
        <time>2026-05-06T20:05:54.740Z</time>
      </trkpt>
      <trkpt lat="45.224877" lon="11.682457">
        <ele>10.566228</ele>
        <time>2026-05-06T20:06:01.871Z</time>
      </trkpt>
      <trkpt lat="45.225231" lon="11.682633">
        <ele>10.555871</ele>
        <time>2026-05-06T20:06:08.173Z</time>
      </trkpt>
      <trkpt lat="45.225595" lon="11.682910">
        <ele>10.546429</ele>
        <time>2026-05-06T20:06:15.131Z</time>
      </trkpt>
      <trkpt lat="45.225828" lon="11.683201">
        <ele>10.540725</ele>
        <time>2026-05-06T20:06:20.402Z</time>
      </trkpt>
      <trkpt lat="45.226034" lon="11.683640">
        <ele>10.533895</ele>
        <time>2026-05-06T20:06:26.766Z</time>
      </trkpt>
      <trkpt lat="45.226529" lon="11.685209">
        <ele>10.495214</ele>
        <time>2026-05-06T20:06:47.635Z</time>
      </trkpt>
      <trkpt lat="45.226552" lon="11.685385">
        <ele>10.486142</ele>
        <time>2026-05-06T20:06:49.807Z</time>
      </trkpt>
      <trkpt lat="45.226544" lon="11.685714">
        <ele>10.469459</ele>
        <time>2026-05-06T20:06:53.787Z</time>
      </trkpt>
      <trkpt lat="45.226281" lon="11.686617">
        <ele>10.419938</ele>
        <time>2026-05-06T20:07:05.402Z</time>
      </trkpt>
      <trkpt lat="45.226240" lon="11.686863">
        <ele>10.407127</ele>
        <time>2026-05-06T20:07:08.368Z</time>
      </trkpt>
      <trkpt lat="45.226240" lon="11.687142">
        <ele>10.392987</ele>
        <time>2026-05-06T20:07:11.608Z</time>
      </trkpt>
      <trkpt lat="45.226314" lon="11.687418">
        <ele>10.334224</ele>
        <time>2026-05-06T20:07:15.025Z</time>
      </trkpt>
      <trkpt lat="45.226630" lon="11.687913">
        <ele>10.149540</ele>
        <time>2026-05-06T20:07:22.660Z</time>
      </trkpt>
      <trkpt lat="45.226712" lon="11.688107">
        <ele>10.086994</ele>
        <time>2026-05-06T20:07:25.208Z</time>
      </trkpt>
      <trkpt lat="45.226754" lon="11.688394">
        <ele>10.005961</ele>
        <time>2026-05-06T20:07:28.501Z</time>
      </trkpt>
      <trkpt lat="45.226684" lon="11.688723">
        <ele>9.910953</ele>
        <time>2026-05-06T20:07:32.353Z</time>
      </trkpt>
      <trkpt lat="45.226561" lon="11.688970">
        <ele>9.827329</ele>
        <time>2026-05-06T20:07:35.741Z</time>
      </trkpt>
      <trkpt lat="45.225883" lon="11.689563">
        <ele>9.607606</ele>
        <time>2026-05-06T20:07:48.513Z</time>
      </trkpt>
      <trkpt lat="45.225654" lon="11.689793">
        <ele>9.558670</ele>
        <time>2026-05-06T20:07:53.075Z</time>
      </trkpt>
      <trkpt lat="45.225527" lon="11.689961">
        <ele>9.528387</ele>
        <time>2026-05-06T20:07:55.918Z</time>
      </trkpt>
      <trkpt lat="45.225367" lon="11.690247">
        <ele>9.483508</ele>
        <time>2026-05-06T20:08:00.181Z</time>
      </trkpt>
      <trkpt lat="45.225265" lon="11.690489">
        <ele>9.448855</ele>
        <time>2026-05-06T20:08:03.531Z</time>
      </trkpt>
      <trkpt lat="45.225048" lon="11.691315">
        <ele>9.368662</ele>
        <time>2026-05-06T20:08:14.339Z</time>
      </trkpt>
      <trkpt lat="45.224924" lon="11.691632">
        <ele>9.369580</ele>
        <time>2026-05-06T20:08:18.871Z</time>
      </trkpt>
      <trkpt lat="45.224736" lon="11.691906">
        <ele>9.370549</ele>
        <time>2026-05-06T20:08:23.661Z</time>
      </trkpt>
      <trkpt lat="45.224444" lon="11.692232">
        <ele>9.371884</ele>
        <time>2026-05-06T20:08:30.248Z</time>
      </trkpt>
      <trkpt lat="45.223936" lon="11.692911">
        <ele>9.374393</ele>
        <time>2026-05-06T20:08:42.021Z</time>
      </trkpt>
      <trkpt lat="45.223779" lon="11.693073">
        <ele>9.295411</ele>
        <time>2026-05-06T20:08:45.270Z</time>
      </trkpt>
      <trkpt lat="45.223704" lon="11.693113">
        <ele>9.252394</ele>
        <time>2026-05-06T20:08:46.550Z</time>
      </trkpt>
      <trkpt lat="45.223704" lon="11.693113">
        <ele>9.252394</ele>
        <time>2026-05-06T20:08:46.553Z</time>
      </trkpt>
      <trkpt lat="45.223714" lon="11.693154">
        <ele>9.235986</ele>
        <time>2026-05-06T20:08:47.206Z</time>
      </trkpt>
      <trkpt lat="45.223658" lon="11.693183">
        <ele>9.203981</ele>
        <time>2026-05-06T20:08:48.481Z</time>
      </trkpt>
      <trkpt lat="45.223602" lon="11.693201">
        <ele>9.173153</ele>
        <time>2026-05-06T20:08:49.709Z</time>
      </trkpt>
      <trkpt lat="45.223547" lon="11.693215">
        <ele>9.143152</ele>
        <time>2026-05-06T20:08:50.904Z</time>
      </trkpt>
      <trkpt lat="45.223495" lon="11.693222">
        <ele>9.115107</ele>
        <time>2026-05-06T20:08:52.021Z</time>
      </trkpt>
      <trkpt lat="45.223417" lon="11.693223">
        <ele>9.073225</ele>
        <time>2026-05-06T20:08:53.689Z</time>
      </trkpt>
      <trkpt lat="45.223346" lon="11.693215">
        <ele>9.034985</ele>
        <time>2026-05-06T20:08:55.212Z</time>
      </trkpt>
      <trkpt lat="45.223311" lon="11.693220">
        <ele>9.016098</ele>
        <time>2026-05-06T20:08:55.964Z</time>
      </trkpt>
      <trkpt lat="45.223278" lon="11.693221">
        <ele>8.998375</ele>
        <time>2026-05-06T20:08:56.670Z</time>
      </trkpt>
      <trkpt lat="45.223250" lon="11.693213">
        <ele>8.983040</ele>
        <time>2026-05-06T20:08:57.280Z</time>
      </trkpt>
      <trkpt lat="45.223225" lon="11.693209">
        <ele>8.969532</ele>
        <time>2026-05-06T20:08:57.818Z</time>
      </trkpt>
      <trkpt lat="45.223204" lon="11.693211">
        <ele>8.958232</ele>
        <time>2026-05-06T20:08:58.268Z</time>
      </trkpt>
      <trkpt lat="45.223185" lon="11.693207">
        <ele>8.947919</ele>
        <time>2026-05-06T20:08:58.679Z</time>
      </trkpt>
      <trkpt lat="45.223165" lon="11.693200">
        <ele>8.936859</ele>
        <time>2026-05-06T20:08:59.120Z</time>
      </trkpt>
      <trkpt lat="45.223144" lon="11.693215">
        <ele>8.924237</ele>
        <time>2026-05-06T20:08:59.622Z</time>
      </trkpt>
      <trkpt lat="45.223140" lon="11.693238">
        <ele>8.915278</ele>
        <time>2026-05-06T20:08:59.979Z</time>
      </trkpt>
      <trkpt lat="45.223150" lon="11.693259">
        <ele>8.905691</ele>
        <time>2026-05-06T20:09:00.361Z</time>
      </trkpt>
      <trkpt lat="45.223171" lon="11.693270">
        <ele>8.893673</ele>
        <time>2026-05-06T20:09:00.840Z</time>
      </trkpt>
      <trkpt lat="45.223232" lon="11.693289">
        <ele>8.860142</ele>
        <time>2026-05-06T20:09:02.175Z</time>
      </trkpt>
      <trkpt lat="45.223309" lon="11.693309">
        <ele>8.818114</ele>
        <time>2026-05-06T20:09:03.849Z</time>
      </trkpt>
      <trkpt lat="45.223351" lon="11.693323">
        <ele>8.794950</ele>
        <time>2026-05-06T20:09:04.772Z</time>
      </trkpt>
      <trkpt lat="45.223393" lon="11.693331">
        <ele>8.772198</ele>
        <time>2026-05-06T20:09:05.678Z</time>
      </trkpt>
      <trkpt lat="45.223456" lon="11.693336">
        <ele>8.738319</ele>
        <time>2026-05-06T20:09:07.027Z</time>
      </trkpt>
      <trkpt lat="45.223471" lon="11.693359">
        <ele>8.726465</ele>
        <time>2026-05-06T20:09:07.499Z</time>
      </trkpt>
      <trkpt lat="45.223479" lon="11.693382">
        <ele>8.716764</ele>
        <time>2026-05-06T20:09:07.886Z</time>
      </trkpt>
      <trkpt lat="45.223475" lon="11.693408">
        <ele>8.706700</ele>
        <time>2026-05-06T20:09:08.286Z</time>
      </trkpt>
      <trkpt lat="45.223461" lon="11.693427">
        <ele>8.696301</ele>
        <time>2026-05-06T20:09:08.701Z</time>
      </trkpt>
      <trkpt lat="45.223435" lon="11.693441">
        <ele>8.681371</ele>
        <time>2026-05-06T20:09:09.295Z</time>
      </trkpt>
      <trkpt lat="45.223354" lon="11.693471">
        <ele>8.636425</ele>
        <time>2026-05-06T20:09:11.085Z</time>
      </trkpt>
      <trkpt lat="45.223305" lon="11.693493">
        <ele>8.608832</ele>
        <time>2026-05-06T20:09:12.184Z</time>
      </trkpt>
      <trkpt lat="45.223223" lon="11.693547">
        <ele>8.560300</ele>
        <time>2026-05-06T20:09:14.117Z</time>
      </trkpt>
      <trkpt lat="45.223183" lon="11.693580">
        <ele>8.535460</ele>
        <time>2026-05-06T20:09:15.107Z</time>
      </trkpt>
      <trkpt lat="45.223143" lon="11.693604">
        <ele>8.512144</ele>
        <time>2026-05-06T20:09:16.035Z</time>
      </trkpt>
      <trkpt lat="45.223109" lon="11.693641">
        <ele>8.489144</ele>
        <time>2026-05-06T20:09:16.951Z</time>
      </trkpt>
      <trkpt lat="45.223088" lon="11.693604">
        <ele>8.471174</ele>
        <time>2026-05-06T20:09:17.670Z</time>
      </trkpt>
      <trkpt lat="45.223049" lon="11.693648">
        <ele>8.444427</ele>
        <time>2026-05-06T20:09:18.480Z</time>
      </trkpt>
      <trkpt lat="45.223056" lon="11.693721">
        <ele>8.416566</ele>
        <time>2026-05-06T20:09:19.333Z</time>
      </trkpt>
      <trkpt lat="45.224253" lon="11.694759">
        <ele>7.049443</ele>
        <time>2026-05-06T20:09:42.723Z</time>
      </trkpt>
      <trkpt lat="45.224311" lon="11.694858">
        <ele>6.960628</ele>
        <time>2026-05-06T20:09:44.230Z</time>
      </trkpt>
      <trkpt lat="45.224306" lon="11.694953">
        <ele>6.894923</ele>
        <time>2026-05-06T20:09:45.357Z</time>
      </trkpt>
      <trkpt lat="45.223870" lon="11.695973">
        <ele>6.834074</ele>
        <time>2026-05-06T20:10:00.179Z</time>
      </trkpt>
      <trkpt lat="45.223460" lon="11.696799">
        <ele>7.059955</ele>
        <time>2026-05-06T20:10:15.008Z</time>
      </trkpt>
      <trkpt lat="45.222263" lon="11.698926">
        <ele>9.046516</ele>
        <time>2026-05-06T20:11:03.612Z</time>
      </trkpt>
      <trkpt lat="45.222035" lon="11.699437">
        <ele>9.570124</ele>
        <time>2026-05-06T20:11:14.336Z</time>
      </trkpt>
      <trkpt lat="45.221656" lon="11.700919">
        <ele>10.383998</ele>
        <time>2026-05-06T20:11:40.257Z</time>
      </trkpt>
      <trkpt lat="45.221579" lon="11.701345">
        <ele>10.611026</ele>
        <time>2026-05-06T20:11:46.736Z</time>
      </trkpt>
      <trkpt lat="45.221584" lon="11.701598">
        <ele>10.741678</ele>
        <time>2026-05-06T20:11:50.380Z</time>
      </trkpt>
      <trkpt lat="45.221612" lon="11.701730">
        <ele>10.812839</ele>
        <time>2026-05-06T20:11:52.354Z</time>
      </trkpt>
      <trkpt lat="45.222033" lon="11.702717">
        <ele>10.947626</ele>
        <time>2026-05-06T20:12:08.500Z</time>
      </trkpt>
      <trkpt lat="45.222234" lon="11.703046">
        <ele>10.985367</ele>
        <time>2026-05-06T20:12:13.724Z</time>
      </trkpt>
      <trkpt lat="45.222420" lon="11.703119">
        <ele>11.009110</ele>
        <time>2026-05-06T20:12:16.993Z</time>
      </trkpt>
      <trkpt lat="45.223138" lon="11.703539">
        <ele>11.074330</ele>
        <time>2026-05-06T20:12:30.547Z</time>
      </trkpt>
      <trkpt lat="45.223811" lon="11.703867">
        <ele>11.069413</ele>
        <time>2026-05-06T20:12:43.528Z</time>
      </trkpt>
      <trkpt lat="45.223910" lon="11.703924">
        <ele>11.068674</ele>
        <time>2026-05-06T20:12:45.436Z</time>
      </trkpt>
      <trkpt lat="45.224096" lon="11.704098">
        <ele>11.067135</ele>
        <time>2026-05-06T20:12:49.432Z</time>
      </trkpt>
      <trkpt lat="45.224506" lon="11.704507">
        <ele>11.063672</ele>
        <time>2026-05-06T20:12:57.862Z</time>
      </trkpt>
      <trkpt lat="45.224712" lon="11.704620">
        <ele>10.786424</ele>
        <time>2026-05-06T20:13:01.361Z</time>
      </trkpt>
      <trkpt lat="45.225136" lon="11.704743">
        <ele>10.180026</ele>
        <time>2026-05-06T20:13:07.770Z</time>
      </trkpt>
      <trkpt lat="45.225480" lon="11.705109">
        <ele>9.577678</ele>
        <time>2026-05-06T20:13:13.743Z</time>
      </trkpt>
      <trkpt lat="45.225698" lon="11.705291">
        <ele>9.223313</ele>
        <time>2026-05-06T20:13:17.184Z</time>
      </trkpt>
      <trkpt lat="45.226055" lon="11.705469">
        <ele>8.693124</ele>
        <time>2026-05-06T20:13:22.290Z</time>
      </trkpt>
      <trkpt lat="45.226284" lon="11.705550">
        <ele>8.436410</ele>
        <time>2026-05-06T20:13:25.495Z</time>
      </trkpt>
      <trkpt lat="45.226655" lon="11.705603">
        <ele>8.127759</ele>
        <time>2026-05-06T20:13:30.651Z</time>
      </trkpt>
      <trkpt lat="45.226863" lon="11.705553">
        <ele>7.953134</ele>
        <time>2026-05-06T20:13:33.700Z</time>
      </trkpt>
      <trkpt lat="45.227038" lon="11.705442">
        <ele>7.794479</ele>
        <time>2026-05-06T20:13:36.583Z</time>
      </trkpt>
      <trkpt lat="45.227434" lon="11.705103">
        <ele>7.411714</ele>
        <time>2026-05-06T20:13:44.022Z</time>
      </trkpt>
      <trkpt lat="45.227993" lon="11.704607">
        <ele>7.016286</ele>
        <time>2026-05-06T20:13:56.194Z</time>
      </trkpt>
      <trkpt lat="45.228120" lon="11.704411">
        <ele>6.984902</ele>
        <time>2026-05-06T20:13:59.567Z</time>
      </trkpt>
      <trkpt lat="45.228310" lon="11.703963">
        <ele>6.923280</ele>
        <time>2026-05-06T20:14:06.053Z</time>
      </trkpt>
      <trkpt lat="45.228358" lon="11.703894">
        <ele>6.911852</ele>
        <time>2026-05-06T20:14:07.248Z</time>
      </trkpt>
      <trkpt lat="45.228479" lon="11.703833">
        <ele>6.890369</ele>
        <time>2026-05-06T20:14:09.446Z</time>
      </trkpt>
      <trkpt lat="45.228533" lon="11.703822">
        <ele>6.881241</ele>
        <time>2026-05-06T20:14:10.334Z</time>
      </trkpt>
      <trkpt lat="45.228605" lon="11.703808">
        <ele>6.869083</ele>
        <time>2026-05-06T20:14:11.542Z</time>
      </trkpt>
      <trkpt lat="45.228667" lon="11.703798">
        <ele>6.858643</ele>
        <time>2026-05-06T20:14:12.566Z</time>
      </trkpt>
      <trkpt lat="45.228742" lon="11.704357">
        <ele>6.791589</ele>
        <time>2026-05-06T20:14:18.990Z</time>
      </trkpt>
      <trkpt lat="45.229296" lon="11.706749">
        <ele>5.680858</ele>
        <time>2026-05-06T20:14:45.884Z</time>
      </trkpt>
      <trkpt lat="45.229943" lon="11.709410">
        <ele>5.029798</ele>
        <time>2026-05-06T20:15:18.454Z</time>
      </trkpt>
      <trkpt lat="45.231080" lon="11.714068">
        <ele>4.542742</ele>
        <time>2026-05-06T20:16:16.433Z</time>
      </trkpt>
      <trkpt lat="45.231611" lon="11.716461">
        <ele>4.531710</ele>
        <time>2026-05-06T20:16:46.551Z</time>
      </trkpt>
      <trkpt lat="45.231953" lon="11.717882">
        <ele>4.636018</ele>
        <time>2026-05-06T20:17:05.173Z</time>
      </trkpt>
      <trkpt lat="45.232148" lon="11.718694">
        <ele>4.710620</ele>
        <time>2026-05-06T20:17:16.014Z</time>
      </trkpt>
      <trkpt lat="45.232663" lon="11.720374">
        <ele>4.878847</ele>
        <time>2026-05-06T20:17:39.125Z</time>
      </trkpt>
      <trkpt lat="45.232746" lon="11.720513">
        <ele>4.895926</ele>
        <time>2026-05-06T20:17:41.421Z</time>
      </trkpt>
      <trkpt lat="45.233328" lon="11.721193">
        <ele>4.994899</ele>
        <time>2026-05-06T20:17:54.691Z</time>
      </trkpt>
      <trkpt lat="45.234123" lon="11.722009">
        <ele>4.997384</ele>
        <time>2026-05-06T20:18:11.412Z</time>
      </trkpt>
      <trkpt lat="45.234386" lon="11.722233">
        <ele>4.998161</ele>
        <time>2026-05-06T20:18:16.640Z</time>
      </trkpt>
      <trkpt lat="45.234412" lon="11.722294">
        <ele>4.998288</ele>
        <time>2026-05-06T20:18:17.509Z</time>
      </trkpt>
      <trkpt lat="45.234452" lon="11.722307">
        <ele>4.998392</ele>
        <time>2026-05-06T20:18:18.190Z</time>
      </trkpt>
      <trkpt lat="45.234627" lon="11.722539">
        <ele>4.998999</ele>
        <time>2026-05-06T20:18:22.315Z</time>
      </trkpt>
      <trkpt lat="45.235043" lon="11.722974">
        <ele>4.948964</ele>
        <time>2026-05-06T20:18:31.138Z</time>
      </trkpt>
      <trkpt lat="45.235425" lon="11.723304">
        <ele>4.883824</ele>
        <time>2026-05-06T20:18:38.626Z</time>
      </trkpt>
      <trkpt lat="45.235921" lon="11.723626">
        <ele>4.804373</ele>
        <time>2026-05-06T20:18:47.674Z</time>
      </trkpt>
      <trkpt lat="45.236212" lon="11.723744">
        <ele>4.760284</ele>
        <time>2026-05-06T20:18:52.595Z</time>
      </trkpt>
      <trkpt lat="45.236466" lon="11.723768">
        <ele>4.735429</ele>
        <time>2026-05-06T20:18:56.727Z</time>
      </trkpt>
      <trkpt lat="45.237068" lon="11.723738">
        <ele>4.723263</ele>
        <time>2026-05-06T20:19:06.531Z</time>
      </trkpt>
      <trkpt lat="45.239766" lon="11.723124">
        <ele>5.164786</ele>
        <time>2026-05-06T20:19:55.656Z</time>
      </trkpt>
      <trkpt lat="45.241215" lon="11.723107">
        <ele>6.060161</ele>
        <time>2026-05-06T20:20:25.089Z</time>
      </trkpt>
      <trkpt lat="45.241503" lon="11.723157">
        <ele>6.251899</ele>
        <time>2026-05-06T20:20:31.014Z</time>
      </trkpt>
      <trkpt lat="45.242187" lon="11.723342">
        <ele>6.671638</ele>
        <time>2026-05-06T20:20:44.839Z</time>
      </trkpt>
      <trkpt lat="45.242738" lon="11.723539">
        <ele>6.998470</ele>
        <time>2026-05-06T20:20:55.628Z</time>
      </trkpt>
      <trkpt lat="45.242952" lon="11.723659">
        <ele>7.130813</ele>
        <time>2026-05-06T20:21:00.105Z</time>
      </trkpt>
      <trkpt lat="45.243633" lon="11.724180">
        <ele>7.550189</ele>
        <time>2026-05-06T20:21:15.676Z</time>
      </trkpt>
      <trkpt lat="45.243871" lon="11.724465">
        <ele>7.696769</ele>
        <time>2026-05-06T20:21:22.041Z</time>
      </trkpt>
      <trkpt lat="45.244084" lon="11.724807">
        <ele>7.848142</ele>
        <time>2026-05-06T20:21:28.515Z</time>
      </trkpt>
      <trkpt lat="45.244366" lon="11.725428">
        <ele>8.093123</ele>
        <time>2026-05-06T20:21:38.711Z</time>
      </trkpt>
      <trkpt lat="45.244416" lon="11.725679">
        <ele>8.179602</ele>
        <time>2026-05-06T20:21:42.373Z</time>
      </trkpt>
      <trkpt lat="45.244573" lon="11.726912">
        <ele>7.873375</ele>
        <time>2026-05-06T20:21:57.194Z</time>
      </trkpt>
      <trkpt lat="45.244558" lon="11.726998">
        <ele>7.835082</ele>
        <time>2026-05-06T20:21:58.160Z</time>
      </trkpt>
      <trkpt lat="45.244488" lon="11.727030">
        <ele>7.789942</ele>
        <time>2026-05-06T20:21:59.285Z</time>
      </trkpt>
      <trkpt lat="45.244442" lon="11.727046">
        <ele>7.760870</ele>
        <time>2026-05-06T20:22:00.015Z</time>
      </trkpt>
      <trkpt lat="45.244524" lon="11.727426">
        <ele>7.589093</ele>
        <time>2026-05-06T20:22:04.228Z</time>
      </trkpt>
      <trkpt lat="45.244536" lon="11.727481">
        <ele>7.564207</ele>
        <time>2026-05-06T20:22:04.844Z</time>
      </trkpt>
      <trkpt lat="45.244604" lon="11.727793">
        <ele>7.423047</ele>
        <time>2026-05-06T20:22:08.249Z</time>
      </trkpt>
      <trkpt lat="45.245107" lon="11.730057">
        <ele>5.866601</ele>
        <time>2026-05-06T20:22:32.448Z</time>
      </trkpt>
      <trkpt lat="45.245580" lon="11.732177">
        <ele>5.034661</ele>
        <time>2026-05-06T20:22:57.099Z</time>
      </trkpt>
      <trkpt lat="45.245872" lon="11.733488">
        <ele>4.915444</ele>
        <time>2026-05-06T20:23:14.239Z</time>
      </trkpt>
      <trkpt lat="45.245945" lon="11.733813">
        <ele>5.021443</ele>
        <time>2026-05-06T20:23:18.703Z</time>
      </trkpt>
      <trkpt lat="45.246007" lon="11.734095">
        <ele>5.113240</ele>
        <time>2026-05-06T20:23:22.589Z</time>
      </trkpt>
      <trkpt lat="45.245936" lon="11.734245">
        <ele>5.169402</ele>
        <time>2026-05-06T20:23:24.931Z</time>
      </trkpt>
      <trkpt lat="45.245943" lon="11.734367">
        <ele>5.207436</ele>
        <time>2026-05-06T20:23:26.516Z</time>
      </trkpt>
      <trkpt lat="45.246028" lon="11.734500">
        <ele>5.263248</ele>
        <time>2026-05-06T20:23:28.853Z</time>
      </trkpt>
      <trkpt lat="45.245360" lon="11.736738">
        <ele>6.995464</ele>
        <time>2026-05-06T20:24:03.182Z</time>
      </trkpt>
      <trkpt lat="45.245407" lon="11.736766">
        <ele>7.072715</ele>
        <time>2026-05-06T20:24:04.773Z</time>
      </trkpt>
      <trkpt lat="45.245510" lon="11.736829">
        <ele>7.242695</ele>
        <time>2026-05-06T20:24:08.072Z</time>
      </trkpt>
      <trkpt lat="45.245537" lon="11.736846">
        <ele>7.287460</ele>
        <time>2026-05-06T20:24:09.024Z</time>
      </trkpt>
      <trkpt lat="45.245590" lon="11.736876">
        <ele>7.373938</ele>
        <time>2026-05-06T20:24:10.784Z</time>
      </trkpt>
      <trkpt lat="45.245648" lon="11.736918">
        <ele>7.472616</ele>
        <time>2026-05-06T20:24:12.707Z</time>
      </trkpt>
      <trkpt lat="45.245896" lon="11.737110">
        <ele>7.900729</ele>
        <time>2026-05-06T20:24:21.509Z</time>
      </trkpt>
      <trkpt lat="45.245958" lon="11.737157">
        <ele>8.007251</ele>
        <time>2026-05-06T20:24:23.766Z</time>
      </trkpt>
      <trkpt lat="45.246366" lon="11.737497">
        <ele>8.505901</ele>
        <time>2026-05-06T20:24:38.293Z</time>
      </trkpt>
      <trkpt lat="45.246628" lon="11.737039">
        <ele>8.774503</ele>
        <time>2026-05-06T20:24:49.397Z</time>
      </trkpt>
      <trkpt lat="45.247064" lon="11.736473">
        <ele>9.156365</ele>
        <time>2026-05-06T20:25:00.859Z</time>
      </trkpt>
      <trkpt lat="45.247258" lon="11.736140">
        <ele>9.353095</ele>
        <time>2026-05-06T20:25:05.480Z</time>
      </trkpt>
      <trkpt lat="45.247343" lon="11.735917">
        <ele>9.468516</ele>
        <time>2026-05-06T20:25:08.086Z</time>
      </trkpt>
      <trkpt lat="45.247514" lon="11.735148">
        <ele>9.296483</ele>
        <time>2026-05-06T20:25:16.186Z</time>
      </trkpt>
      <trkpt lat="45.247616" lon="11.734830">
        <ele>9.195128</ele>
        <time>2026-05-06T20:25:19.814Z</time>
      </trkpt>
      <trkpt lat="45.248111" lon="11.733975">
        <ele>8.874063</ele>
        <time>2026-05-06T20:25:32.975Z</time>
      </trkpt>
      <trkpt lat="45.248361" lon="11.733575">
        <ele>8.785522</ele>
        <time>2026-05-06T20:25:40.244Z</time>
      </trkpt>
      <trkpt lat="45.248549" lon="11.733192">
        <ele>8.844482</ele>
        <time>2026-05-06T20:25:46.553Z</time>
      </trkpt>
      <trkpt lat="45.248672" lon="11.732867">
        <ele>8.891076</ele>
        <time>2026-05-06T20:25:51.488Z</time>
      </trkpt>
      <trkpt lat="45.248854" lon="11.732149">
        <ele>8.987441</ele>
        <time>2026-05-06T20:26:01.287Z</time>
      </trkpt>
      <trkpt lat="45.249095" lon="11.731379">
        <ele>9.085319</ele>
        <time>2026-05-06T20:26:11.231Z</time>
      </trkpt>
      <trkpt lat="45.249325" lon="11.730821">
        <ele>9.049209</ele>
        <time>2026-05-06T20:26:18.792Z</time>
      </trkpt>
      <trkpt lat="45.249529" lon="11.730399">
        <ele>9.020622</ele>
        <time>2026-05-06T20:26:24.856Z</time>
      </trkpt>
      <trkpt lat="45.249745" lon="11.730078">
        <ele>8.995824</ele>
        <time>2026-05-06T20:26:30.201Z</time>
      </trkpt>
      <trkpt lat="45.250190" lon="11.729635">
        <ele>8.952720</ele>
        <time>2026-05-06T20:26:39.521Z</time>
      </trkpt>
      <trkpt lat="45.250517" lon="11.729202">
        <ele>9.213046</ele>
        <time>2026-05-06T20:26:46.783Z</time>
      </trkpt>
      <trkpt lat="45.250533" lon="11.729180">
        <ele>9.229937</ele>
        <time>2026-05-06T20:26:47.146Z</time>
      </trkpt>
      <trkpt lat="45.250775" lon="11.728841">
        <ele>9.487753</ele>
        <time>2026-05-06T20:26:53.080Z</time>
      </trkpt>
      <trkpt lat="45.251225" lon="11.728298">
        <ele>9.935633</ele>
        <time>2026-05-06T20:27:06.472Z</time>
      </trkpt>
      <trkpt lat="45.251456" lon="11.728028">
        <ele>10.162551</ele>
        <time>2026-05-06T20:27:13.202Z</time>
      </trkpt>
      <trkpt lat="45.251537" lon="11.727987">
        <ele>10.227777</ele>
        <time>2026-05-06T20:27:15.218Z</time>
      </trkpt>
      <trkpt lat="45.252012" lon="11.727928">
        <ele>11.148847</ele>
        <time>2026-05-06T20:27:26.271Z</time>
      </trkpt>
      <trkpt lat="45.252293" lon="11.727662">
        <ele>11.916982</ele>
        <time>2026-05-06T20:27:35.289Z</time>
      </trkpt>
      <trkpt lat="45.252372" lon="11.727463">
        <ele>12.282834</ele>
        <time>2026-05-06T20:27:40.142Z</time>
      </trkpt>
      <trkpt lat="45.252394" lon="11.727281">
        <ele>12.578552</ele>
        <time>2026-05-06T20:27:44.164Z</time>
      </trkpt>
      <trkpt lat="45.252441" lon="11.727120">
        <ele>12.857663</ele>
        <time>2026-05-06T20:27:47.861Z</time>
      </trkpt>
      <trkpt lat="45.252500" lon="11.727005">
        <ele>13.085538</ele>
        <time>2026-05-06T20:27:50.779Z</time>
      </trkpt>
      <trkpt lat="45.252792" lon="11.726682">
        <ele>13.927403</ele>
        <time>2026-05-06T20:28:00.880Z</time>
      </trkpt>
      <trkpt lat="45.252984" lon="11.726509">
        <ele>14.458408</ele>
        <time>2026-05-06T20:28:07.203Z</time>
      </trkpt>
      <trkpt lat="45.253186" lon="11.726402">
        <ele>15.104200</ele>
        <time>2026-05-06T20:28:13.506Z</time>
      </trkpt>
      <trkpt lat="45.253803" lon="11.726278">
        <ele>16.970827</ele>
        <time>2026-05-06T20:28:33.234Z</time>
      </trkpt>
      <trkpt lat="45.254048" lon="11.726140">
        <ele>17.760313</ele>
        <time>2026-05-06T20:28:41.771Z</time>
      </trkpt>
      <trkpt lat="45.254435" lon="11.725843">
        <ele>19.077930</ele>
        <time>2026-05-06T20:28:54.953Z</time>
      </trkpt>
      <trkpt lat="45.254607" lon="11.725664">
        <ele>19.716626</ele>
        <time>2026-05-06T20:29:01.475Z</time>
      </trkpt>
      <trkpt lat="45.254760" lon="11.725418">
        <ele>20.088786</ele>
        <time>2026-05-06T20:29:08.738Z</time>
      </trkpt>
      <trkpt lat="45.254932" lon="11.724979">
        <ele>20.601298</ele>
        <time>2026-05-06T20:29:19.841Z</time>
      </trkpt>
      <trkpt lat="45.254973" lon="11.724921">
        <ele>20.685145</ele>
        <time>2026-05-06T20:29:21.630Z</time>
      </trkpt>
      <trkpt lat="45.255058" lon="11.724880">
        <ele>20.815225</ele>
        <time>2026-05-06T20:29:24.363Z</time>
      </trkpt>
      <trkpt lat="45.255210" lon="11.724921">
        <ele>21.039424</ele>
        <time>2026-05-06T20:29:29.048Z</time>
      </trkpt>
      <trkpt lat="45.255495" lon="11.725062">
        <ele>21.476745</ele>
        <time>2026-05-06T20:29:37.735Z</time>
      </trkpt>
      <trkpt lat="45.255676" lon="11.725220">
        <ele>21.784594</ele>
        <time>2026-05-06T20:29:43.037Z</time>
      </trkpt>
      <trkpt lat="45.256271" lon="11.725929">
        <ele>21.073940</ele>
        <time>2026-05-06T20:29:53.751Z</time>
      </trkpt>
      <trkpt lat="45.256484" lon="11.726131">
        <ele>20.121168</ele>
        <time>2026-05-06T20:29:56.852Z</time>
      </trkpt>
      <trkpt lat="45.256581" lon="11.726194">
        <ele>19.724374</ele>
        <time>2026-05-06T20:29:58.127Z</time>
      </trkpt>
      <trkpt lat="45.257089" lon="11.726331">
        <ele>17.800719</ele>
        <time>2026-05-06T20:30:04.111Z</time>
      </trkpt>
      <trkpt lat="45.257510" lon="11.726694">
        <ele>15.968566</ele>
        <time>2026-05-06T20:30:09.773Z</time>
      </trkpt>
      <trkpt lat="45.257673" lon="11.726791">
        <ele>15.669028</ele>
        <time>2026-05-06T20:30:11.880Z</time>
      </trkpt>
      <trkpt lat="45.258260" lon="11.726892">
        <ele>15.474057</ele>
        <time>2026-05-06T20:30:20.302Z</time>
      </trkpt>
      <trkpt lat="45.258513" lon="11.727042">
        <ele>15.383660</ele>
        <time>2026-05-06T20:30:25.717Z</time>
      </trkpt>
      <trkpt lat="45.258811" lon="11.727323">
        <ele>15.265723</ele>
        <time>2026-05-06T20:30:33.709Z</time>
      </trkpt>
      <trkpt lat="45.259087" lon="11.727687">
        <ele>15.141545</ele>
        <time>2026-05-06T20:30:43.310Z</time>
      </trkpt>
      <trkpt lat="45.259425" lon="11.727950">
        <ele>15.147435</ele>
        <time>2026-05-06T20:30:53.574Z</time>
      </trkpt>
      <trkpt lat="45.259840" lon="11.728192">
        <ele>15.203783</ele>
        <time>2026-05-06T20:31:04.255Z</time>
      </trkpt>
      <trkpt lat="45.260056" lon="11.728318">
        <ele>15.233113</ele>
        <time>2026-05-06T20:31:08.536Z</time>
      </trkpt>
      <trkpt lat="45.260376" lon="11.728580">
        <ele>15.279505</ele>
        <time>2026-05-06T20:31:14.073Z</time>
      </trkpt>
      <trkpt lat="45.260578" lon="11.728709">
        <ele>15.307324</ele>
        <time>2026-05-06T20:31:17.186Z</time>
      </trkpt>
      <trkpt lat="45.260837" lon="11.728764">
        <ele>15.287599</ele>
        <time>2026-05-06T20:31:20.751Z</time>
      </trkpt>
      <trkpt lat="45.261301" lon="11.728717">
        <ele>14.476343</ele>
        <time>2026-05-06T20:31:27.299Z</time>
      </trkpt>
      <trkpt lat="45.261607" lon="11.728707">
        <ele>13.942547</ele>
        <time>2026-05-06T20:31:31.763Z</time>
      </trkpt>
      <trkpt lat="45.261843" lon="11.728768">
        <ele>13.524214</ele>
        <time>2026-05-06T20:31:34.867Z</time>
      </trkpt>
      <trkpt lat="45.262026" lon="11.728882">
        <ele>13.175736</ele>
        <time>2026-05-06T20:31:37.460Z</time>
      </trkpt>
      <trkpt lat="45.262232" lon="11.729145">
        <ele>12.692736</ele>
        <time>2026-05-06T20:31:41.175Z</time>
      </trkpt>
      <trkpt lat="45.262325" lon="11.729222">
        <ele>12.505015</ele>
        <time>2026-05-06T20:31:42.749Z</time>
      </trkpt>
      <trkpt lat="45.262465" lon="11.729272">
        <ele>12.253263</ele>
        <time>2026-05-06T20:31:44.828Z</time>
      </trkpt>
      <trkpt lat="45.262662" lon="11.729263">
        <ele>12.090750</ele>
        <time>2026-05-06T20:31:47.659Z</time>
      </trkpt>
      <trkpt lat="45.262797" lon="11.729273">
        <ele>12.002130</ele>
        <time>2026-05-06T20:31:49.722Z</time>
      </trkpt>
      <trkpt lat="45.262968" lon="11.729377">
        <ele>11.880190</ele>
        <time>2026-05-06T20:31:52.533Z</time>
      </trkpt>
      <trkpt lat="45.263105" lon="11.729559">
        <ele>11.757233</ele>
        <time>2026-05-06T20:31:55.433Z</time>
      </trkpt>
      <trkpt lat="45.263357" lon="11.729953">
        <ele>11.511588</ele>
        <time>2026-05-06T20:32:00.770Z</time>
      </trkpt>
      <trkpt lat="45.263439" lon="11.730047">
        <ele>11.442517</ele>
        <time>2026-05-06T20:32:02.216Z</time>
      </trkpt>
      <trkpt lat="45.263581" lon="11.730148">
        <ele>11.338414</ele>
        <time>2026-05-06T20:32:04.707Z</time>
      </trkpt>
      <trkpt lat="45.263735" lon="11.730200">
        <ele>11.234646</ele>
        <time>2026-05-06T20:32:07.635Z</time>
      </trkpt>
      <trkpt lat="45.264251" lon="11.730339">
        <ele>11.292573</ele>
        <time>2026-05-06T20:32:18.224Z</time>
      </trkpt>
      <trkpt lat="45.264314" lon="11.730356">
        <ele>11.380165</ele>
        <time>2026-05-06T20:32:19.619Z</time>
      </trkpt>
      <trkpt lat="45.264641" lon="11.730360">
        <ele>11.826839</ele>
        <time>2026-05-06T20:32:26.762Z</time>
      </trkpt>
      <trkpt lat="45.264837" lon="11.730272">
        <ele>12.107611</ele>
        <time>2026-05-06T20:32:31.620Z</time>
      </trkpt>
      <trkpt lat="45.264953" lon="11.730168">
        <ele>12.294967</ele>
        <time>2026-05-06T20:32:35.301Z</time>
      </trkpt>
      <trkpt lat="45.265040" lon="11.729940">
        <ele>12.544302</ele>
        <time>2026-05-06T20:32:40.420Z</time>
      </trkpt>
      <trkpt lat="45.265102" lon="11.729549">
        <ele>12.929623</ele>
        <time>2026-05-06T20:32:48.111Z</time>
      </trkpt>
      <trkpt lat="45.265142" lon="11.729418">
        <ele>13.066904</ele>
        <time>2026-05-06T20:32:50.709Z</time>
      </trkpt>
      <trkpt lat="45.265202" lon="11.729321">
        <ele>13.191053</ele>
        <time>2026-05-06T20:32:52.916Z</time>
      </trkpt>
      <trkpt lat="45.265394" lon="11.729165">
        <ele>13.475383</ele>
        <time>2026-05-06T20:32:57.944Z</time>
      </trkpt>
      <trkpt lat="45.265657" lon="11.729106">
        <ele>13.423408</ele>
        <time>2026-05-06T20:33:03.714Z</time>
      </trkpt>
      <trkpt lat="45.265778" lon="11.728884">
        <ele>13.384830</ele>
        <time>2026-05-06T20:33:07.609Z</time>
      </trkpt>
      <trkpt lat="45.265820" lon="11.728727">
        <ele>13.361755</ele>
        <time>2026-05-06T20:33:09.964Z</time>
      </trkpt>
      <trkpt lat="45.265872" lon="11.728210">
        <ele>13.290002</ele>
        <time>2026-05-06T20:33:16.571Z</time>
      </trkpt>
      <trkpt lat="45.265863" lon="11.728021">
        <ele>13.263976</ele>
        <time>2026-05-06T20:33:18.811Z</time>
      </trkpt>
      <trkpt lat="45.265664" lon="11.727465">
        <ele>13.178277</ele>
        <time>2026-05-06T20:33:25.447Z</time>
      </trkpt>
      <trkpt lat="45.265436" lon="11.726657">
        <ele>12.669482</ele>
        <time>2026-05-06T20:33:33.694Z</time>
      </trkpt>
      <trkpt lat="45.265222" lon="11.726172">
        <ele>12.139535</ele>
        <time>2026-05-06T20:33:39.292Z</time>
      </trkpt>
      <trkpt lat="45.265141" lon="11.725904">
        <ele>11.869513</ele>
        <time>2026-05-06T20:33:42.162Z</time>
      </trkpt>
      <trkpt lat="45.265134" lon="11.725825">
        <ele>11.795798</ele>
        <time>2026-05-06T20:33:42.946Z</time>
      </trkpt>
      <trkpt lat="45.265169" lon="11.725654">
        <ele>11.630929</ele>
        <time>2026-05-06T20:33:44.711Z</time>
      </trkpt>
      <trkpt lat="45.265572" lon="11.724763">
        <ele>10.891800</ele>
        <time>2026-05-06T20:33:55.601Z</time>
      </trkpt>
      <trkpt lat="45.265618" lon="11.724580">
        <ele>11.105937</ele>
        <time>2026-05-06T20:33:57.777Z</time>
      </trkpt>
      <trkpt lat="45.265631" lon="11.724335">
        <ele>11.376686</ele>
        <time>2026-05-06T20:34:01.048Z</time>
      </trkpt>
      <trkpt lat="45.265545" lon="11.723487">
        <ele>12.320810</ele>
        <time>2026-05-06T20:34:16.306Z</time>
      </trkpt>
      <trkpt lat="45.265583" lon="11.723306">
        <ele>12.528952</ele>
        <time>2026-05-06T20:34:20.256Z</time>
      </trkpt>
      <trkpt lat="45.265651" lon="11.723153">
        <ele>12.728356</ele>
        <time>2026-05-06T20:34:24.144Z</time>
      </trkpt>
      <trkpt lat="45.265872" lon="11.723026">
        <ele>13.101606</ele>
        <time>2026-05-06T20:34:31.506Z</time>
      </trkpt>
      <trkpt lat="45.266376" lon="11.722949">
        <ele>13.737161</ele>
        <time>2026-05-06T20:34:46.697Z</time>
      </trkpt>
      <trkpt lat="45.266603" lon="11.722959">
        <ele>13.916240</ele>
        <time>2026-05-06T20:34:52.464Z</time>
      </trkpt>
      <trkpt lat="45.266967" lon="11.723030">
        <ele>14.205951</ele>
        <time>2026-05-06T20:35:00.196Z</time>
      </trkpt>
      <trkpt lat="45.267257" lon="11.723030">
        <ele>14.434620</ele>
        <time>2026-05-06T20:35:05.127Z</time>
      </trkpt>
      <trkpt lat="45.267336" lon="11.722961">
        <ele>14.507741</ele>
        <time>2026-05-06T20:35:06.614Z</time>
      </trkpt>
      <trkpt lat="45.267471" lon="11.722613">
        <ele>14.728260</ele>
        <time>2026-05-06T20:35:11.014Z</time>
      </trkpt>
      <trkpt lat="45.267523" lon="11.722534">
        <ele>14.788287</ele>
        <time>2026-05-06T20:35:12.269Z</time>
      </trkpt>
      <trkpt lat="45.267511" lon="11.722416">
        <ele>14.854452</ele>
        <time>2026-05-06T20:35:13.559Z</time>
      </trkpt>
      <trkpt lat="45.267539" lon="11.721907">
        <ele>15.702529</ele>
        <time>2026-05-06T20:35:19.484Z</time>
      </trkpt>
      <trkpt lat="45.267566" lon="11.721504">
        <ele>16.815793</ele>
        <time>2026-05-06T20:35:24.957Z</time>
      </trkpt>
      <trkpt lat="45.267547" lon="11.721186">
        <ele>17.693441</ele>
        <time>2026-05-06T20:35:30.106Z</time>
      </trkpt>
      <trkpt lat="45.267689" lon="11.721131">
        <ele>18.268536</ele>
        <time>2026-05-06T20:35:33.997Z</time>
      </trkpt>
      <trkpt lat="45.267763" lon="11.721056">
        <ele>18.623705</ele>
        <time>2026-05-06T20:35:36.514Z</time>
      </trkpt>
      <trkpt lat="45.267988" lon="11.720747">
        <ele>19.846406</ele>
        <time>2026-05-06T20:35:46.594Z</time>
      </trkpt>
      <trkpt lat="45.268224" lon="11.720405">
        <ele>21.163554</ele>
        <time>2026-05-06T20:36:02.632Z</time>
      </trkpt>
      <trkpt lat="45.268284" lon="11.720277">
        <ele>21.586479</ele>
        <time>2026-05-06T20:36:09.718Z</time>
      </trkpt>
      <trkpt lat="45.268350" lon="11.720137">
        <ele>22.076013</ele>
        <time>2026-05-06T20:36:17.806Z</time>
      </trkpt>
      <trkpt lat="45.268364" lon="11.720089">
        <ele>22.357975</ele>
        <time>2026-05-06T20:36:20.482Z</time>
      </trkpt>
      <trkpt lat="45.268434" lon="11.719575">
        <ele>25.199024</ele>
        <time>2026-05-06T20:36:44.704Z</time>
      </trkpt>
      <trkpt lat="45.268489" lon="11.719325">
        <ele>26.620428</ele>
        <time>2026-05-06T20:36:56.146Z</time>
      </trkpt>
      <trkpt lat="45.268542" lon="11.719194">
        <ele>27.440413</ele>
        <time>2026-05-06T20:37:03.288Z</time>
      </trkpt>
      <trkpt lat="45.268650" lon="11.719026">
        <ele>28.675172</ele>
        <time>2026-05-06T20:37:14.114Z</time>
      </trkpt>
      <trkpt lat="45.268731" lon="11.718951">
        <ele>29.420644</ele>
        <time>2026-05-06T20:37:20.667Z</time>
      </trkpt>
      <trkpt lat="45.268862" lon="11.718932">
        <ele>30.435990</ele>
        <time>2026-05-06T20:37:29.029Z</time>
      </trkpt>
      <trkpt lat="45.268909" lon="11.718944">
        <ele>30.804196</ele>
        <time>2026-05-06T20:37:31.970Z</time>
      </trkpt>
      <trkpt lat="45.268977" lon="11.718992">
        <ele>31.389658</ele>
        <time>2026-05-06T20:37:36.472Z</time>
      </trkpt>
      <trkpt lat="45.269149" lon="11.719150">
        <ele>32.968911</ele>
        <time>2026-05-06T20:37:48.445Z</time>
      </trkpt>
      <trkpt lat="45.269260" lon="11.719278">
        <ele>34.071187</ele>
        <time>2026-05-06T20:37:55.922Z</time>
      </trkpt>
      <trkpt lat="45.269445" lon="11.719454">
        <ele>35.787870</ele>
        <time>2026-05-06T20:38:06.072Z</time>
      </trkpt>
      <trkpt lat="45.269538" lon="11.719628">
        <ele>36.005399</ele>
        <time>2026-05-06T20:38:11.215Z</time>
      </trkpt>
      <trkpt lat="45.269549" lon="11.719765">
        <ele>36.084011</ele>
        <time>2026-05-06T20:38:13.398Z</time>
      </trkpt>
      <trkpt lat="45.269525" lon="11.720198">
        <ele>36.331633</ele>
        <time>2026-05-06T20:38:18.971Z</time>
      </trkpt>
      <trkpt lat="45.269537" lon="11.720551">
        <ele>36.533116</ele>
        <time>2026-05-06T20:38:23.596Z</time>
      </trkpt>
      <trkpt lat="45.269607" lon="11.721067">
        <ele>36.832708</ele>
        <time>2026-05-06T20:38:31.257Z</time>
      </trkpt>
      <trkpt lat="45.269668" lon="11.721266">
        <ele>36.956454</ele>
        <time>2026-05-06T20:38:33.713Z</time>
      </trkpt>
      <trkpt lat="45.269806" lon="11.721547">
        <ele>37.151803</ele>
        <time>2026-05-06T20:38:37.939Z</time>
      </trkpt>
      <trkpt lat="45.270412" lon="11.722334">
        <ele>39.394902</ele>
        <time>2026-05-06T20:39:00.242Z</time>
      </trkpt>
      <trkpt lat="45.270512" lon="11.722464">
        <ele>39.874861</ele>
        <time>2026-05-06T20:39:05.824Z</time>
      </trkpt>
      <trkpt lat="45.270623" lon="11.722802">
        <ele>40.804399</ele>
        <time>2026-05-06T20:39:16.264Z</time>
      </trkpt>
      <trkpt lat="45.270705" lon="11.723225">
        <ele>41.897830</ele>
        <time>2026-05-06T20:39:28.118Z</time>
      </trkpt>
      <trkpt lat="45.270772" lon="11.723548">
        <ele>42.737024</ele>
        <time>2026-05-06T20:39:36.206Z</time>
      </trkpt>
      <trkpt lat="45.270870" lon="11.724351">
        <ele>45.100825</ele>
        <time>2026-05-06T20:39:55.489Z</time>
      </trkpt>
      <trkpt lat="45.270876" lon="11.724509">
        <ele>45.620123</ele>
        <time>2026-05-06T20:39:59.384Z</time>
      </trkpt>
      <trkpt lat="45.270778" lon="11.724892">
        <ele>46.957605</ele>
        <time>2026-05-06T20:40:10.322Z</time>
      </trkpt>
      <trkpt lat="45.270690" lon="11.725235">
        <ele>48.155779</ele>
        <time>2026-05-06T20:40:20.466Z</time>
      </trkpt>
      <trkpt lat="45.270691" lon="11.725664">
        <ele>49.563736</ele>
        <time>2026-05-06T20:40:33.420Z</time>
      </trkpt>
      <trkpt lat="45.270667" lon="11.725858">
        <ele>50.210194</ele>
        <time>2026-05-06T20:40:39.561Z</time>
      </trkpt>
      <trkpt lat="45.270520" lon="11.726508">
        <ele>52.151446</ele>
        <time>2026-05-06T20:41:00.399Z</time>
      </trkpt>
      <trkpt lat="45.270502" lon="11.726792">
        <ele>52.274875</ele>
        <time>2026-05-06T20:41:07.503Z</time>
      </trkpt>
      <trkpt lat="45.270596" lon="11.726997">
        <ele>52.380784</ele>
        <time>2026-05-06T20:41:12.386Z</time>
      </trkpt>
      <trkpt lat="45.270663" lon="11.727077">
        <ele>52.434610</ele>
        <time>2026-05-06T20:41:14.355Z</time>
      </trkpt>
      <trkpt lat="45.271011" lon="11.727252">
        <ele>52.661661</ele>
        <time>2026-05-06T20:41:20.300Z</time>
      </trkpt>
      <trkpt lat="45.271119" lon="11.727295">
        <ele>52.730646</ele>
        <time>2026-05-06T20:41:21.877Z</time>
      </trkpt>
      <trkpt lat="45.271235" lon="11.727422">
        <ele>52.820715</ele>
        <time>2026-05-06T20:41:24.036Z</time>
      </trkpt>
      <trkpt lat="45.271482" lon="11.728221">
        <ele>53.198459</ele>
        <time>2026-05-06T20:41:33.253Z</time>
      </trkpt>
      <trkpt lat="45.271655" lon="11.728598">
        <ele>53.673016</ele>
        <time>2026-05-06T20:41:37.387Z</time>
      </trkpt>
      <trkpt lat="45.271959" lon="11.728913">
        <ele>54.262011</ele>
        <time>2026-05-06T20:41:42.649Z</time>
      </trkpt>
      <trkpt lat="45.272024" lon="11.728999">
        <ele>54.401046</ele>
        <time>2026-05-06T20:41:44.078Z</time>
      </trkpt>
      <trkpt lat="45.272042" lon="11.729065">
        <ele>54.479027</ele>
        <time>2026-05-06T20:41:45.140Z</time>
      </trkpt>
      <trkpt lat="45.272050" lon="11.729164">
        <ele>54.588810</ele>
        <time>2026-05-06T20:41:46.470Z</time>
      </trkpt>
      <trkpt lat="45.272174" lon="11.729564">
        <ele>55.070344</ele>
        <time>2026-05-06T20:41:54.908Z</time>
      </trkpt>
      <trkpt lat="45.272344" lon="11.729949">
        <ele>55.571070</ele>
        <time>2026-05-06T20:42:06.234Z</time>
      </trkpt>
      <trkpt lat="45.272410" lon="11.730197">
        <ele>55.863170</ele>
        <time>2026-05-06T20:42:13.475Z</time>
      </trkpt>
      <trkpt lat="45.272446" lon="11.730470">
        <ele>56.868049</ele>
        <time>2026-05-06T20:42:21.189Z</time>
      </trkpt>
      <trkpt lat="45.272440" lon="11.730711">
        <ele>58.448577</ele>
        <time>2026-05-06T20:42:28.203Z</time>
      </trkpt>
      <trkpt lat="45.272321" lon="11.731110">
        <ele>61.288822</ele>
        <time>2026-05-06T20:42:43.316Z</time>
      </trkpt>
      <trkpt lat="45.272302" lon="11.731256">
        <ele>62.261948</ele>
        <time>2026-05-06T20:42:49.351Z</time>
      </trkpt>
      <trkpt lat="45.272315" lon="11.731374">
        <ele>63.044754</ele>
        <time>2026-05-06T20:42:54.357Z</time>
      </trkpt>
      <trkpt lat="45.272650" lon="11.732335">
        <ele>70.073632</ele>
        <time>2026-05-06T20:43:46.438Z</time>
      </trkpt>
      <trkpt lat="45.272686" lon="11.732430">
        <ele>70.780802</ele>
        <time>2026-05-06T20:43:52.021Z</time>
      </trkpt>
      <trkpt lat="45.272830" lon="11.732626">
        <ele>72.637891</ele>
        <time>2026-05-06T20:44:06.735Z</time>
      </trkpt>
      <trkpt lat="45.272923" lon="11.732713">
        <ele>73.565259</ele>
        <time>2026-05-06T20:44:14.950Z</time>
      </trkpt>
      <trkpt lat="45.273036" lon="11.732757">
        <ele>74.522912</ele>
        <time>2026-05-06T20:44:23.417Z</time>
      </trkpt>
      <trkpt lat="45.273650" lon="11.732000">
        <ele>81.167046</ele>
        <time>2026-05-06T20:45:12.878Z</time>
      </trkpt>
      <trkpt lat="45.274659" lon="11.733069">
        <ele>88.396471</ele>
        <time>2026-05-06T20:46:04.544Z</time>
      </trkpt>
      <trkpt lat="45.274787" lon="11.733141">
        <ele>88.655864</ele>
        <time>2026-05-06T20:46:09.047Z</time>
      </trkpt>
      <trkpt lat="45.274969" lon="11.733191">
        <ele>89.005149</ele>
        <time>2026-05-06T20:46:14.131Z</time>
      </trkpt>
      <trkpt lat="45.275086" lon="11.733166">
        <ele>89.228086</ele>
        <time>2026-05-06T20:46:16.798Z</time>
      </trkpt>
      <trkpt lat="45.275346" lon="11.733027">
        <ele>89.751516</ele>
        <time>2026-05-06T20:46:22.662Z</time>
      </trkpt>
      <trkpt lat="45.275590" lon="11.733029">
        <ele>90.211283</ele>
        <time>2026-05-06T20:46:27.258Z</time>
      </trkpt>
      <trkpt lat="45.275712" lon="11.733151">
        <ele>90.492375</ele>
        <time>2026-05-06T20:46:29.721Z</time>
      </trkpt>
      <trkpt lat="45.275801" lon="11.733345">
        <ele>90.799445</ele>
        <time>2026-05-06T20:46:32.250Z</time>
      </trkpt>
      <trkpt lat="45.275872" lon="11.733416">
        <ele>90.746777</ele>
        <time>2026-05-06T20:46:33.488Z</time>
      </trkpt>
      <trkpt lat="45.275990" lon="11.733542">
        <ele>90.381444</ele>
        <time>2026-05-06T20:46:37.908Z</time>
      </trkpt>
      <trkpt lat="45.276044" lon="11.733563">
        <ele>90.242870</ele>
        <time>2026-05-06T20:46:39.581Z</time>
      </trkpt>
      <trkpt lat="45.276840" lon="11.733599">
        <ele>88.271637</ele>
        <time>2026-05-06T20:47:01.280Z</time>
      </trkpt>
      <trkpt lat="45.277188" lon="11.733996">
        <ele>87.167072</ele>
        <time>2026-05-06T20:47:13.905Z</time>
      </trkpt>
      <trkpt lat="45.277510" lon="11.734136">
        <ele>86.380600</ele>
        <time>2026-05-06T20:47:23.590Z</time>
      </trkpt>
      <trkpt lat="45.277622" lon="11.734239">
        <ele>86.235123</ele>
        <time>2026-05-06T20:47:27.442Z</time>
      </trkpt>
      <trkpt lat="45.277953" lon="11.734364">
        <ele>85.861647</ele>
        <time>2026-05-06T20:47:37.312Z</time>
      </trkpt>
      <trkpt lat="45.278484" lon="11.734787">
        <ele>85.197836</ele>
        <time>2026-05-06T20:47:55.903Z</time>
      </trkpt>
      <trkpt lat="45.278692" lon="11.735044">
        <ele>84.897276</ele>
        <time>2026-05-06T20:48:04.521Z</time>
      </trkpt>
      <trkpt lat="45.278873" lon="11.735122">
        <ele>84.691024</ele>
        <time>2026-05-06T20:48:10.340Z</time>
      </trkpt>
      <trkpt lat="45.279058" lon="11.735314">
        <ele>84.453459</ele>
        <time>2026-05-06T20:48:18.178Z</time>
      </trkpt>
      <trkpt lat="45.279173" lon="11.735509">
        <ele>84.417437</ele>
        <time>2026-05-06T20:48:26.115Z</time>
      </trkpt>
      <trkpt lat="45.279320" lon="11.735645">
        <ele>84.382144</ele>
        <time>2026-05-06T20:48:33.708Z</time>
      </trkpt>
      <trkpt lat="45.279678" lon="11.736087">
        <ele>84.286727</ele>
        <time>2026-05-06T20:48:52.367Z</time>
      </trkpt>
      <trkpt lat="45.279778" lon="11.736140">
        <ele>84.265253</ele>
        <time>2026-05-06T20:48:56.173Z</time>
      </trkpt>
      <trkpt lat="45.279955" lon="11.736172">
        <ele>84.229352</ele>
        <time>2026-05-06T20:49:02.038Z</time>
      </trkpt>
      <trkpt lat="45.280088" lon="11.736112">
        <ele>84.201276</ele>
        <time>2026-05-06T20:49:06.487Z</time>
      </trkpt>
      <trkpt lat="45.280956" lon="11.736730">
        <ele>81.015325</ele>
        <time>2026-05-06T20:49:35.570Z</time>
      </trkpt>
      <trkpt lat="45.281198" lon="11.736872">
        <ele>79.180353</ele>
        <time>2026-05-06T20:49:42.268Z</time>
      </trkpt>
      <trkpt lat="45.281300" lon="11.736897">
        <ele>78.454917</ele>
        <time>2026-05-06T20:49:44.796Z</time>
      </trkpt>
      <trkpt lat="45.281783" lon="11.736862">
        <ele>75.065336</ele>
        <time>2026-05-06T20:49:56.343Z</time>
      </trkpt>
      <trkpt lat="45.281978" lon="11.736812">
        <ele>73.676583</ele>
        <time>2026-05-06T20:50:00.949Z</time>
      </trkpt>
      <trkpt lat="45.282110" lon="11.736898">
        <ele>72.658864</ele>
        <time>2026-05-06T20:50:02.466Z</time>
      </trkpt>
      <trkpt lat="45.282322" lon="11.736967">
        <ele>70.704359</ele>
        <time>2026-05-06T20:50:04.698Z</time>
      </trkpt>
      <trkpt lat="45.282340" lon="11.736968">
        <ele>70.424541</ele>
        <time>2026-05-06T20:50:04.886Z</time>
      </trkpt>
      <trkpt lat="45.282461" lon="11.736973">
        <ele>68.544183</ele>
        <time>2026-05-06T20:50:06.114Z</time>
      </trkpt>
      <trkpt lat="45.282907" lon="11.736857">
        <ele>61.501153</ele>
        <time>2026-05-06T20:50:10.661Z</time>
      </trkpt>
      <trkpt lat="45.283073" lon="11.736847">
        <ele>58.920263</ele>
        <time>2026-05-06T20:50:12.317Z</time>
      </trkpt>
      <trkpt lat="45.283187" lon="11.737027">
        <ele>56.273352</ele>
        <time>2026-05-06T20:50:13.994Z</time>
      </trkpt>
      <trkpt lat="45.283221" lon="11.737044">
        <ele>55.713481</ele>
        <time>2026-05-06T20:50:14.352Z</time>
      </trkpt>
      <trkpt lat="45.283316" lon="11.737021">
        <ele>54.216533</ele>
        <time>2026-05-06T20:50:15.301Z</time>
      </trkpt>
      <trkpt lat="45.283540" lon="11.736879">
        <ele>50.406584</ele>
        <time>2026-05-06T20:50:17.714Z</time>
      </trkpt>
      <trkpt lat="45.283682" lon="11.736915">
        <ele>48.165998</ele>
        <time>2026-05-06T20:50:19.139Z</time>
      </trkpt>
      <trkpt lat="45.283864" lon="11.737040">
        <ele>45.026095</ele>
        <time>2026-05-06T20:50:21.123Z</time>
      </trkpt>
      <trkpt lat="45.283941" lon="11.737125">
        <ele>43.526992</ele>
        <time>2026-05-06T20:50:22.085Z</time>
      </trkpt>
      <trkpt lat="45.283958" lon="11.737201">
        <ele>43.015059</ele>
        <time>2026-05-06T20:50:22.633Z</time>
      </trkpt>
      <trkpt lat="45.283916" lon="11.737388">
        <ele>41.754960</ele>
        <time>2026-05-06T20:50:23.987Z</time>
      </trkpt>
      <trkpt lat="45.283932" lon="11.737551">
        <ele>40.698470</ele>
        <time>2026-05-06T20:50:25.140Z</time>
      </trkpt>
      <trkpt lat="45.284053" lon="11.737854">
        <ele>38.461950</ele>
        <time>2026-05-06T20:50:27.639Z</time>
      </trkpt>
      <trkpt lat="45.284091" lon="11.738090">
        <ele>36.907819</ele>
        <time>2026-05-06T20:50:29.429Z</time>
      </trkpt>
      <trkpt lat="45.284050" lon="11.738194">
        <ele>36.142551</ele>
        <time>2026-05-06T20:50:30.341Z</time>
      </trkpt>
      <trkpt lat="45.283742" lon="11.738457">
        <ele>32.864296</ele>
        <time>2026-05-06T20:50:34.338Z</time>
      </trkpt>
      <trkpt lat="45.283912" lon="11.738383">
        <ele>31.242156</ele>
        <time>2026-05-06T20:50:36.381Z</time>
      </trkpt>
      <trkpt lat="45.284117" lon="11.738247">
        <ele>29.178081</ele>
        <time>2026-05-06T20:50:39.034Z</time>
      </trkpt>
      <trkpt lat="45.284399" lon="11.737909">
        <ele>26.756797</ele>
        <time>2026-05-06T20:50:43.442Z</time>
      </trkpt>
      <trkpt lat="45.284444" lon="11.737816">
        <ele>26.548182</ele>
        <time>2026-05-06T20:50:44.545Z</time>
      </trkpt>
      <trkpt lat="45.284511" lon="11.737548">
        <ele>26.022504</ele>
        <time>2026-05-06T20:50:47.300Z</time>
      </trkpt>
      <trkpt lat="45.284529" lon="11.737156">
        <ele>25.296439</ele>
        <time>2026-05-06T20:50:52.374Z</time>
      </trkpt>
      <trkpt lat="45.284511" lon="11.736913">
        <ele>24.844826</ele>
        <time>2026-05-06T20:50:54.856Z</time>
      </trkpt>
      <trkpt lat="45.284340" lon="11.736087">
        <ele>23.253433</ele>
        <time>2026-05-06T20:51:02.520Z</time>
      </trkpt>
      <trkpt lat="45.284327" lon="11.735857">
        <ele>22.826958</ele>
        <time>2026-05-06T20:51:04.504Z</time>
      </trkpt>
      <trkpt lat="45.284345" lon="11.735597">
        <ele>22.347137</ele>
        <time>2026-05-06T20:51:06.843Z</time>
      </trkpt>
      <trkpt lat="45.284389" lon="11.735357">
        <ele>21.908835</ele>
        <time>2026-05-06T20:51:09.133Z</time>
      </trkpt>
      <trkpt lat="45.284590" lon="11.734613">
        <ele>20.500405</ele>
        <time>2026-05-06T20:51:16.555Z</time>
      </trkpt>
      <trkpt lat="45.284773" lon="11.734217">
        <ele>19.663123</ele>
        <time>2026-05-06T20:51:21.065Z</time>
      </trkpt>
      <trkpt lat="45.284909" lon="11.734027">
        <ele>19.184128</ele>
        <time>2026-05-06T20:51:23.600Z</time>
      </trkpt>
      <trkpt lat="45.284972" lon="11.733961">
        <ele>18.987546</ele>
        <time>2026-05-06T20:51:24.636Z</time>
      </trkpt>
      <trkpt lat="45.285166" lon="11.733831">
        <ele>18.448820</ele>
        <time>2026-05-06T20:51:27.421Z</time>
      </trkpt>
      <trkpt lat="45.285432" lon="11.733745">
        <ele>17.811892</ele>
        <time>2026-05-06T20:51:30.929Z</time>
      </trkpt>
      <trkpt lat="45.286112" lon="11.733741">
        <ele>16.726945</ele>
        <time>2026-05-06T20:51:39.734Z</time>
      </trkpt>
      <trkpt lat="45.286238" lon="11.733744">
        <ele>16.525884</ele>
        <time>2026-05-06T20:51:41.500Z</time>
      </trkpt>
      <trkpt lat="45.286297" lon="11.733746">
        <ele>16.431723</ele>
        <time>2026-05-06T20:51:42.365Z</time>
      </trkpt>
      <trkpt lat="45.287663" lon="11.733807">
        <ele>14.268991</ele>
        <time>2026-05-06T20:52:03.413Z</time>
      </trkpt>
      <trkpt lat="45.288106" lon="11.733883">
        <ele>13.573401</ele>
        <time>2026-05-06T20:52:09.816Z</time>
      </trkpt>
      <trkpt lat="45.288358" lon="11.733967">
        <ele>13.169908</ele>
        <time>2026-05-06T20:52:13.426Z</time>
      </trkpt>
      <trkpt lat="45.288431" lon="11.734030">
        <ele>13.036778</ele>
        <time>2026-05-06T20:52:14.590Z</time>
      </trkpt>
      <trkpt lat="45.288563" lon="11.734230">
        <ele>12.736023</ele>
        <time>2026-05-06T20:52:17.197Z</time>
      </trkpt>
      <trkpt lat="45.288422" lon="11.734896">
        <ele>11.938331</ele>
        <time>2026-05-06T20:52:23.684Z</time>
      </trkpt>
      <trkpt lat="45.288151" lon="11.735686">
        <ele>10.839296</ele>
        <time>2026-05-06T20:52:31.752Z</time>
      </trkpt>
      <trkpt lat="45.287909" lon="11.736793">
        <ele>9.389746</ele>
        <time>2026-05-06T20:52:42.868Z</time>
      </trkpt>
      <trkpt lat="45.287795" lon="11.737804">
        <ele>10.654010</ele>
        <time>2026-05-06T20:52:54.346Z</time>
      </trkpt>
      <trkpt lat="45.287390" lon="11.738775">
        <ele>13.163254</ele>
        <time>2026-05-06T20:53:20.557Z</time>
      </trkpt>
      <trkpt lat="45.286515" lon="11.740511">
        <ele>19.441965</ele>
        <time>2026-05-06T20:54:32.411Z</time>
      </trkpt>
      <trkpt lat="45.286320" lon="11.741183">
        <ele>21.830794</ele>
        <time>2026-05-06T20:54:58.758Z</time>
      </trkpt>
      <trkpt lat="45.286074" lon="11.741773">
        <ele>22.617194</ele>
        <time>2026-05-06T20:55:18.072Z</time>
      </trkpt>
      <trkpt lat="45.285422" lon="11.742935">
        <ele>20.149790</ele>
        <time>2026-05-06T20:55:48.071Z</time>
      </trkpt>
      <trkpt lat="45.285384" lon="11.743038">
        <ele>19.956714</ele>
        <time>2026-05-06T20:55:50.227Z</time>
      </trkpt>
      <trkpt lat="45.285320" lon="11.743629">
        <ele>18.964020</ele>
        <time>2026-05-06T20:56:01.155Z</time>
      </trkpt>
      <trkpt lat="45.285267" lon="11.743811">
        <ele>18.362125</ele>
        <time>2026-05-06T20:56:04.730Z</time>
      </trkpt>
      <trkpt lat="45.285169" lon="11.744093">
        <ele>17.212218</ele>
        <time>2026-05-06T20:56:10.382Z</time>
      </trkpt>
      <trkpt lat="45.284762" lon="11.744834">
        <ele>13.775327</ele>
        <time>2026-05-06T20:56:27.078Z</time>
      </trkpt>
      <trkpt lat="45.284621" lon="11.745404">
        <ele>11.566324</ele>
        <time>2026-05-06T20:56:37.782Z</time>
      </trkpt>
      <trkpt lat="45.284446" lon="11.745837">
        <ele>9.740653</ele>
        <time>2026-05-06T20:56:46.902Z</time>
      </trkpt>
      <trkpt lat="45.284427" lon="11.745970">
        <ele>9.348979</ele>
        <time>2026-05-06T20:56:49.380Z</time>
      </trkpt>
      <trkpt lat="45.284423" lon="11.746185">
        <ele>8.861648</ele>
        <time>2026-05-06T20:56:51.533Z</time>
      </trkpt>
      <trkpt lat="45.284360" lon="11.746370">
        <ele>8.395945</ele>
        <time>2026-05-06T20:56:53.613Z</time>
      </trkpt>
      <trkpt lat="45.284215" lon="11.746525">
        <ele>7.811648</ele>
        <time>2026-05-06T20:56:56.249Z</time>
      </trkpt>
      <trkpt lat="45.283903" lon="11.746678">
        <ele>6.748744</ele>
        <time>2026-05-06T20:57:01.052Z</time>
      </trkpt>
      <trkpt lat="45.284003" lon="11.746804">
        <ele>6.318368</ele>
        <time>2026-05-06T20:57:02.687Z</time>
      </trkpt>
      <trkpt lat="45.284470" lon="11.747229">
        <ele>4.532532</ele>
        <time>2026-05-06T20:57:09.872Z</time>
      </trkpt>
      <trkpt lat="45.284515" lon="11.747367">
        <ele>4.187893</ele>
        <time>2026-05-06T20:57:11.397Z</time>
      </trkpt>
      <trkpt lat="45.284426" lon="11.747818">
        <ele>3.574398</ele>
        <time>2026-05-06T20:57:16.181Z</time>
      </trkpt>
      <trkpt lat="45.284432" lon="11.747906">
        <ele>3.523512</ele>
        <time>2026-05-06T20:57:17.101Z</time>
      </trkpt>
      <trkpt lat="45.284497" lon="11.748013">
        <ele>3.442150</ele>
        <time>2026-05-06T20:57:18.561Z</time>
      </trkpt>
      <trkpt lat="45.285511" lon="11.748326">
        <ele>2.593343</ele>
        <time>2026-05-06T20:57:34.413Z</time>
      </trkpt>
      <trkpt lat="45.287466" lon="11.749005">
        <ele>1.915918</ele>
        <time>2026-05-06T20:58:07.858Z</time>
      </trkpt>
      <trkpt lat="45.287545" lon="11.749024">
        <ele>1.898906</ele>
        <time>2026-05-06T20:58:10.380Z</time>
      </trkpt>
      <trkpt lat="45.288593" lon="11.749387">
        <ele>1.658709</ele>
        <time>2026-05-06T20:58:44.060Z</time>
      </trkpt>
      <trkpt lat="45.289986" lon="11.749869">
        <ele>1.362316</ele>
        <time>2026-05-06T20:59:28.405Z</time>
      </trkpt>
      <trkpt lat="45.290035" lon="11.749810">
        <ele>1.350600</ele>
        <time>2026-05-06T20:59:30.405Z</time>
      </trkpt>
      <trkpt lat="45.291036" lon="11.747068">
        <ele>1.093461</ele>
        <time>2026-05-06T21:00:38.652Z</time>
      </trkpt>
      <trkpt lat="45.293676" lon="11.748076">
        <ele>1.178944</ele>
        <time>2026-05-06T21:02:06.460Z</time>
      </trkpt>
      <trkpt lat="45.293735" lon="11.748056">
        <ele>1.179728</ele>
        <time>2026-05-06T21:02:08.365Z</time>
      </trkpt>
      <trkpt lat="45.294332" lon="11.747186">
        <ele>1.190781</ele>
        <time>2026-05-06T21:02:35.487Z</time>
      </trkpt>
      <trkpt lat="45.295699" lon="11.744798">
        <ele>1.296771</ele>
        <time>2026-05-06T21:03:44.378Z</time>
      </trkpt>
      <trkpt lat="45.295951" lon="11.744310">
        <ele>1.345028</ele>
        <time>2026-05-06T21:03:58.097Z</time>
      </trkpt>
      <trkpt lat="45.297100" lon="11.742351">
        <ele>1.915047</ele>
        <time>2026-05-06T21:04:57.713Z</time>
      </trkpt>
      <trkpt lat="45.297729" lon="11.741252">
        <ele>2.280238</ele>
        <time>2026-05-06T21:05:31.460Z</time>
      </trkpt>
      <trkpt lat="45.298639" lon="11.739604">
        <ele>2.977770</ele>
        <time>2026-05-06T21:06:20.633Z</time>
      </trkpt>
      <trkpt lat="45.298800" lon="11.739348">
        <ele>3.117203</ele>
        <time>2026-05-06T21:06:28.792Z</time>
      </trkpt>
      <trkpt lat="45.299050" lon="11.738974">
        <ele>3.326692</ele>
        <time>2026-05-06T21:06:35.863Z</time>
      </trkpt>
      <trkpt lat="45.299355" lon="11.738467">
        <ele>3.633691</ele>
        <time>2026-05-06T21:06:45.505Z</time>
      </trkpt>
      <trkpt lat="45.299477" lon="11.738272">
        <ele>4.037326</ele>
        <time>2026-05-06T21:06:49.551Z</time>
      </trkpt>
      <trkpt lat="45.299557" lon="11.738207">
        <ele>4.239932</ele>
        <time>2026-05-06T21:06:51.640Z</time>
      </trkpt>
      <trkpt lat="45.299648" lon="11.738233">
        <ele>4.444025</ele>
        <time>2026-05-06T21:06:53.775Z</time>
      </trkpt>
      <trkpt lat="45.299751" lon="11.738337">
        <ele>4.721811</ele>
        <time>2026-05-06T21:06:56.696Z</time>
      </trkpt>
      <trkpt lat="45.299873" lon="11.738349">
        <ele>4.990708</ele>
        <time>2026-05-06T21:06:59.542Z</time>
      </trkpt>
      <trkpt lat="45.300116" lon="11.738227">
        <ele>5.557358</ele>
        <time>2026-05-06T21:07:05.655Z</time>
      </trkpt>
      <trkpt lat="45.300281" lon="11.738083">
        <ele>5.983067</ele>
        <time>2026-05-06T21:07:10.568Z</time>
      </trkpt>
      <trkpt lat="45.300416" lon="11.737894">
        <ele>6.399673</ele>
        <time>2026-05-06T21:07:15.654Z</time>
      </trkpt>
      <trkpt lat="45.301326" lon="11.736270">
        <ele>11.223718</ele>
        <time>2026-05-06T21:08:06.737Z</time>
      </trkpt>
      <trkpt lat="45.301548" lon="11.735985">
        <ele>12.393499</ele>
        <time>2026-05-06T21:08:18.409Z</time>
      </trkpt>
      <trkpt lat="45.301453" lon="11.735898">
        <ele>12.835433</ele>
        <time>2026-05-06T21:08:22.628Z</time>
      </trkpt>
      <trkpt lat="45.301075" lon="11.735346">
        <ele>14.900060</ele>
        <time>2026-05-06T21:08:40.431Z</time>
      </trkpt>
      <trkpt lat="45.300891" lon="11.735171">
        <ele>15.641787</ele>
        <time>2026-05-06T21:08:46.906Z</time>
      </trkpt>
      <trkpt lat="45.300741" lon="11.735111">
        <ele>16.163879</ele>
        <time>2026-05-06T21:08:51.728Z</time>
      </trkpt>
      <trkpt lat="45.300303" lon="11.735059">
        <ele>17.636515</ele>
        <time>2026-05-06T21:09:05.870Z</time>
      </trkpt>
      <trkpt lat="45.299956" lon="11.735096">
        <ele>18.802412</ele>
        <time>2026-05-06T21:09:18.366Z</time>
      </trkpt>
      <trkpt lat="45.299853" lon="11.735130">
        <ele>19.156696</ele>
        <time>2026-05-06T21:09:22.074Z</time>
      </trkpt>
      <trkpt lat="45.299609" lon="11.735315">
        <ele>20.083219</ele>
        <time>2026-05-06T21:09:30.906Z</time>
      </trkpt>
      <trkpt lat="45.299344" lon="11.735634">
        <ele>20.517573</ele>
        <time>2026-05-06T21:09:41.104Z</time>
      </trkpt>
      <trkpt lat="45.299167" lon="11.735933">
        <ele>20.399934</ele>
        <time>2026-05-06T21:09:48.855Z</time>
      </trkpt>
      <trkpt lat="45.298968" lon="11.736594">
        <ele>20.183498</ele>
        <time>2026-05-06T21:10:01.370Z</time>
      </trkpt>
      <trkpt lat="45.298818" lon="11.736914">
        <ele>20.067740</ele>
        <time>2026-05-06T21:10:05.359Z</time>
      </trkpt>
      <trkpt lat="45.298592" lon="11.737085">
        <ele>19.958178</ele>
        <time>2026-05-06T21:10:08.563Z</time>
      </trkpt>
      <trkpt lat="45.298059" lon="11.737349">
        <ele>18.865592</ele>
        <time>2026-05-06T21:10:15.019Z</time>
      </trkpt>
      <trkpt lat="45.297361" lon="11.737684">
        <ele>16.192215</ele>
        <time>2026-05-06T21:10:23.637Z</time>
      </trkpt>
      <trkpt lat="45.297179" lon="11.737721">
        <ele>15.525048</ele>
        <time>2026-05-06T21:10:25.913Z</time>
      </trkpt>
      <trkpt lat="45.297102" lon="11.737707">
        <ele>15.243352</ele>
        <time>2026-05-06T21:10:26.889Z</time>
      </trkpt>
      <trkpt lat="45.296883" lon="11.737536">
        <ele>14.336652</ele>
        <time>2026-05-06T21:10:30.106Z</time>
      </trkpt>
      <trkpt lat="45.296567" lon="11.737217">
        <ele>13.318567</ele>
        <time>2026-05-06T21:10:35.571Z</time>
      </trkpt>
      <trkpt lat="45.296117" lon="11.736761">
        <ele>13.399863</ele>
        <time>2026-05-06T21:10:44.970Z</time>
      </trkpt>
      <trkpt lat="45.296097" lon="11.736741">
        <ele>13.403461</ele>
        <time>2026-05-06T21:10:45.485Z</time>
      </trkpt>
      <trkpt lat="45.295982" lon="11.736626">
        <ele>13.424145</ele>
        <time>2026-05-06T21:10:48.071Z</time>
      </trkpt>
      <trkpt lat="45.295728" lon="11.736370">
        <ele>13.469949</ele>
        <time>2026-05-06T21:10:54.173Z</time>
      </trkpt>
      <trkpt lat="45.295649" lon="11.736242">
        <ele>13.487571</ele>
        <time>2026-05-06T21:10:56.553Z</time>
      </trkpt>
      <trkpt lat="45.295550" lon="11.735981">
        <ele>13.518257</ele>
        <time>2026-05-06T21:11:00.865Z</time>
      </trkpt>
      <trkpt lat="45.295515" lon="11.735753">
        <ele>13.542406</ele>
        <time>2026-05-06T21:11:04.283Z</time>
      </trkpt>
      <trkpt lat="45.295480" lon="11.735280">
        <ele>13.803129</ele>
        <time>2026-05-06T21:11:11.428Z</time>
      </trkpt>
      <trkpt lat="45.295352" lon="11.733656">
        <ele>15.488560</ele>
        <time>2026-05-06T21:11:38.480Z</time>
      </trkpt>
      <trkpt lat="45.295408" lon="11.731626">
        <ele>17.403353</ele>
        <time>2026-05-06T21:12:14.749Z</time>
      </trkpt>
      <trkpt lat="45.295370" lon="11.731360">
        <ele>17.646647</ele>
        <time>2026-05-06T21:12:19.247Z</time>
      </trkpt>
      <trkpt lat="45.295175" lon="11.730494">
        <ele>18.461680</ele>
        <time>2026-05-06T21:12:32.955Z</time>
      </trkpt>
      <trkpt lat="45.295006" lon="11.730102">
        <ele>18.604474</ele>
        <time>2026-05-06T21:12:38.316Z</time>
      </trkpt>
      <trkpt lat="45.294742" lon="11.729738">
        <ele>18.738161</ele>
        <time>2026-05-06T21:12:43.995Z</time>
      </trkpt>
      <trkpt lat="45.294516" lon="11.729576">
        <ele>18.830165</ele>
        <time>2026-05-06T21:12:48.160Z</time>
      </trkpt>
      <trkpt lat="45.294249" lon="11.729493">
        <ele>18.929513</ele>
        <time>2026-05-06T21:12:52.673Z</time>
      </trkpt>
      <trkpt lat="45.293921" lon="11.729430">
        <ele>19.049824</ele>
        <time>2026-05-06T21:12:58.733Z</time>
      </trkpt>
      <trkpt lat="45.293882" lon="11.729319">
        <ele>19.081551</ele>
        <time>2026-05-06T21:13:00.500Z</time>
      </trkpt>
      <trkpt lat="45.293769" lon="11.728922">
        <ele>19.531557</ele>
        <time>2026-05-06T21:13:07.512Z</time>
      </trkpt>
      <trkpt lat="45.293646" lon="11.728390">
        <ele>20.885281</ele>
        <time>2026-05-06T21:13:18.753Z</time>
      </trkpt>
      <trkpt lat="45.293616" lon="11.728151">
        <ele>21.472161</ele>
        <time>2026-05-06T21:13:24.463Z</time>
      </trkpt>
      <trkpt lat="45.293631" lon="11.727999">
        <ele>21.843202</ele>
        <time>2026-05-06T21:13:28.280Z</time>
      </trkpt>
      <trkpt lat="45.293823" lon="11.727345">
        <ele>23.556318</ele>
        <time>2026-05-06T21:13:46.959Z</time>
      </trkpt>
      <trkpt lat="45.293830" lon="11.727173">
        <ele>23.972802</ele>
        <time>2026-05-06T21:13:51.469Z</time>
      </trkpt>
      <trkpt lat="45.293827" lon="11.726446">
        <ele>25.699137</ele>
        <time>2026-05-06T21:14:10.356Z</time>
      </trkpt>
      <trkpt lat="45.293916" lon="11.725886">
        <ele>26.978629</ele>
        <time>2026-05-06T21:14:24.125Z</time>
      </trkpt>
      <trkpt lat="45.293936" lon="11.725418">
        <ele>28.023554</ele>
        <time>2026-05-06T21:14:34.168Z</time>
      </trkpt>
      <trkpt lat="45.293917" lon="11.725143">
        <ele>28.639378</ele>
        <time>2026-05-06T21:14:39.873Z</time>
      </trkpt>
      <trkpt lat="45.293866" lon="11.724915">
        <ele>29.172577</ele>
        <time>2026-05-06T21:14:44.748Z</time>
      </trkpt>
      <trkpt lat="45.293678" lon="11.724520">
        <ele>30.235444</ele>
        <time>2026-05-06T21:14:54.404Z</time>
      </trkpt>
      <trkpt lat="45.293567" lon="11.724213">
        <ele>31.004720</ele>
        <time>2026-05-06T21:15:01.349Z</time>
      </trkpt>
      <trkpt lat="45.293528" lon="11.723992">
        <ele>31.684112</ele>
        <time>2026-05-06T21:15:05.988Z</time>
      </trkpt>
      <trkpt lat="45.293515" lon="11.723712">
        <ele>32.531799</ele>
        <time>2026-05-06T21:15:11.796Z</time>
      </trkpt>
      <trkpt lat="45.293493" lon="11.723502">
        <ele>33.173181</ele>
        <time>2026-05-06T21:15:16.292Z</time>
      </trkpt>
      <trkpt lat="45.293426" lon="11.723319">
        <ele>33.796391</ele>
        <time>2026-05-06T21:15:20.767Z</time>
      </trkpt>
      <trkpt lat="45.293329" lon="11.723187">
        <ele>34.373030</ele>
        <time>2026-05-06T21:15:24.966Z</time>
      </trkpt>
      <trkpt lat="45.292410" lon="11.722470">
        <ele>38.985084</ele>
        <time>2026-05-06T21:16:05.409Z</time>
      </trkpt>
      <trkpt lat="45.292367" lon="11.722443">
        <ele>39.370698</ele>
        <time>2026-05-06T21:16:07.402Z</time>
      </trkpt>
      <trkpt lat="45.292276" lon="11.722452">
        <ele>40.118984</ele>
        <time>2026-05-06T21:16:11.238Z</time>
      </trkpt>
      <trkpt lat="45.291522" lon="11.722802">
        <ele>46.625554</ele>
        <time>2026-05-06T21:16:56.969Z</time>
      </trkpt>
      <trkpt lat="45.291407" lon="11.722871">
        <ele>47.649505</ele>
        <time>2026-05-06T21:17:05.404Z</time>
      </trkpt>
      <trkpt lat="45.291241" lon="11.723042">
        <ele>49.331196</ele>
        <time>2026-05-06T21:17:18.356Z</time>
      </trkpt>
      <trkpt lat="45.291061" lon="11.723246">
        <ele>51.219629</ele>
        <time>2026-05-06T21:17:32.694Z</time>
      </trkpt>
      <trkpt lat="45.290782" lon="11.723476">
        <ele>53.692494</ele>
        <time>2026-05-06T21:17:50.298Z</time>
      </trkpt>
      <trkpt lat="45.290658" lon="11.723652">
        <ele>54.434661</ele>
        <time>2026-05-06T21:17:58.794Z</time>
      </trkpt>
      <trkpt lat="45.290555" lon="11.723836">
        <ele>55.135285</ele>
        <time>2026-05-06T21:18:06.202Z</time>
      </trkpt>
      <trkpt lat="45.290489" lon="11.724059">
        <ele>55.856137</ele>
        <time>2026-05-06T21:18:13.476Z</time>
      </trkpt>
      <trkpt lat="45.290470" lon="11.725102">
        <ele>58.964892</ele>
        <time>2026-05-06T21:18:37.794Z</time>
      </trkpt>
      <trkpt lat="45.290435" lon="11.725663">
        <ele>60.643004</ele>
        <time>2026-05-06T21:18:45.449Z</time>
      </trkpt>
      <trkpt lat="45.290375" lon="11.726069">
        <ele>62.080986</ele>
        <time>2026-05-06T21:18:52.662Z</time>
      </trkpt>
      <trkpt lat="45.290288" lon="11.726392">
        <ele>63.387671</ele>
        <time>2026-05-06T21:19:00.195Z</time>
      </trkpt>
      <trkpt lat="45.290132" lon="11.726693">
        <ele>64.800128</ele>
        <time>2026-05-06T21:19:10.114Z</time>
      </trkpt>
      <trkpt lat="45.289891" lon="11.727013">
        <ele>66.571185</ele>
        <time>2026-05-06T21:19:24.551Z</time>
      </trkpt>
      <trkpt lat="45.289737" lon="11.727083">
        <ele>67.439456</ele>
        <time>2026-05-06T21:19:32.240Z</time>
      </trkpt>
      <trkpt lat="45.289536" lon="11.727072">
        <ele>68.519671</ele>
        <time>2026-05-06T21:19:42.257Z</time>
      </trkpt>
      <trkpt lat="45.289516" lon="11.726859">
        <ele>69.331539</ele>
        <time>2026-05-06T21:19:50.037Z</time>
      </trkpt>
      <trkpt lat="45.289417" lon="11.726451">
        <ele>70.998595</ele>
        <time>2026-05-06T21:20:06.696Z</time>
      </trkpt>
      <trkpt lat="45.289354" lon="11.726006">
        <ele>73.066711</ele>
        <time>2026-05-06T21:20:24.315Z</time>
      </trkpt>
      <trkpt lat="45.289169" lon="11.725519">
        <ele>75.588342</ele>
        <time>2026-05-06T21:20:45.643Z</time>
      </trkpt>
      <trkpt lat="45.289104" lon="11.725259">
        <ele>76.845507</ele>
        <time>2026-05-06T21:20:55.867Z</time>
      </trkpt>
      <trkpt lat="45.288935" lon="11.724763">
        <ele>79.356436</ele>
        <time>2026-05-06T21:21:15.015Z</time>
      </trkpt>
      <trkpt lat="45.288820" lon="11.724224">
        <ele>81.922650</ele>
        <time>2026-05-06T21:21:32.390Z</time>
      </trkpt>
      <trkpt lat="45.288806" lon="11.723647">
        <ele>83.503734</ele>
        <time>2026-05-06T21:21:47.628Z</time>
      </trkpt>
      <trkpt lat="45.288836" lon="11.723136">
        <ele>84.683566</ele>
        <time>2026-05-06T21:21:59.514Z</time>
      </trkpt>
      <trkpt lat="45.288813" lon="11.722916">
        <ele>85.195316</ele>
        <time>2026-05-06T21:22:04.249Z</time>
      </trkpt>
      <trkpt lat="45.288767" lon="11.722734">
        <ele>85.640279</ele>
        <time>2026-05-06T21:22:08.341Z</time>
      </trkpt>
      <trkpt lat="45.288343" lon="11.721559">
        <ele>89.026089</ele>
        <time>2026-05-06T21:22:37.182Z</time>
      </trkpt>
      <trkpt lat="45.288108" lon="11.721088">
        <ele>91.625508</ele>
        <time>2026-05-06T21:22:53.018Z</time>
      </trkpt>
      <trkpt lat="45.287874" lon="11.720450">
        <ele>94.864517</ele>
        <time>2026-05-06T21:23:17.758Z</time>
      </trkpt>
      <trkpt lat="45.287864" lon="11.720146">
        <ele>96.234563</ele>
        <time>2026-05-06T21:23:29.556Z</time>
      </trkpt>
      <trkpt lat="45.287807" lon="11.719882">
        <ele>97.477748</ele>
        <time>2026-05-06T21:23:40.758Z</time>
      </trkpt>
      <trkpt lat="45.287719" lon="11.719691">
        <ele>98.505566</ele>
        <time>2026-05-06T21:23:50.139Z</time>
      </trkpt>
      <trkpt lat="45.287726" lon="11.719449">
        <ele>99.595928</ele>
        <time>2026-05-06T21:24:00.315Z</time>
      </trkpt>
      <trkpt lat="45.287648" lon="11.719052">
        <ele>102.120618</ele>
        <time>2026-05-06T21:24:17.993Z</time>
      </trkpt>
      <trkpt lat="45.287497" lon="11.718701">
        <ele>104.734453</ele>
        <time>2026-05-06T21:24:36.375Z</time>
      </trkpt>
      <trkpt lat="45.287272" lon="11.718269">
        <ele>108.149285</ele>
        <time>2026-05-06T21:24:59.996Z</time>
      </trkpt>
      <trkpt lat="45.287133" lon="11.717878">
        <ele>110.932525</ele>
        <time>2026-05-06T21:25:18.182Z</time>
      </trkpt>
      <trkpt lat="45.287105" lon="11.717540">
        <ele>113.094766</ele>
        <time>2026-05-06T21:25:31.668Z</time>
      </trkpt>
      <trkpt lat="45.287163" lon="11.716777">
        <ele>118.381285</ele>
        <time>2026-05-06T21:26:02.698Z</time>
      </trkpt>
      <trkpt lat="45.287090" lon="11.716657">
        <ele>119.606616</ele>
        <time>2026-05-06T21:26:10.019Z</time>
      </trkpt>
      <trkpt lat="45.286854" lon="11.716656">
        <ele>122.197593</ele>
        <time>2026-05-06T21:26:27.015Z</time>
      </trkpt>
      <trkpt lat="45.286735" lon="11.716586">
        <ele>123.611519</ele>
        <time>2026-05-06T21:26:36.918Z</time>
      </trkpt>
      <trkpt lat="45.286656" lon="11.716512">
        <ele>124.650242</ele>
        <time>2026-05-06T21:26:44.309Z</time>
      </trkpt>
      <trkpt lat="45.286485" lon="11.716164">
        <ele>127.928938</ele>
        <time>2026-05-06T21:27:09.393Z</time>
      </trkpt>
      <trkpt lat="45.286539" lon="11.715097">
        <ele>136.060223</ele>
        <time>2026-05-06T21:28:01.601Z</time>
      </trkpt>
      <trkpt lat="45.286495" lon="11.714818">
        <ele>137.500130</ele>
        <time>2026-05-06T21:28:14.872Z</time>
      </trkpt>
      <trkpt lat="45.286406" lon="11.714719">
        <ele>138.309078</ele>
        <time>2026-05-06T21:28:22.072Z</time>
      </trkpt>
      <trkpt lat="45.286315" lon="11.714685">
        <ele>138.982571</ele>
        <time>2026-05-06T21:28:28.117Z</time>
      </trkpt>
      <trkpt lat="45.285960" lon="11.714650">
        <ele>141.529713</ele>
        <time>2026-05-06T21:28:48.402Z</time>
      </trkpt>
      <trkpt lat="45.285853" lon="11.714564">
        <ele>142.409578</ele>
        <time>2026-05-06T21:28:54.316Z</time>
      </trkpt>
      <trkpt lat="45.285688" lon="11.714009">
        <ele>145.443874</ele>
        <time>2026-05-06T21:29:11.025Z</time>
      </trkpt>
      <trkpt lat="45.285418" lon="11.713280">
        <ele>149.671523</ele>
        <time>2026-05-06T21:29:33.682Z</time>
      </trkpt>
      <trkpt lat="45.285371" lon="11.713208">
        <ele>150.209191</ele>
        <time>2026-05-06T21:29:37.404Z</time>
      </trkpt>
      <trkpt lat="45.285211" lon="11.713103">
        <ele>151.580398</ele>
        <time>2026-05-06T21:29:47.278Z</time>
      </trkpt>
      <trkpt lat="45.285080" lon="11.712955">
        <ele>152.882452</ele>
        <time>2026-05-06T21:29:56.812Z</time>
      </trkpt>
      <trkpt lat="45.285014" lon="11.712715">
        <ele>154.293089</ele>
        <time>2026-05-06T21:30:07.448Z</time>
      </trkpt>
      <trkpt lat="45.284996" lon="11.712251">
        <ele>156.837048</ele>
        <time>2026-05-06T21:30:26.699Z</time>
      </trkpt>
      <trkpt lat="45.284954" lon="11.712062">
        <ele>157.922082</ele>
        <time>2026-05-06T21:30:34.839Z</time>
      </trkpt>
      <trkpt lat="45.284942" lon="11.711908">
        <ele>158.770288</ele>
        <time>2026-05-06T21:30:41.249Z</time>
      </trkpt>
      <trkpt lat="45.284960" lon="11.711569">
        <ele>160.631374</ele>
        <time>2026-05-06T21:30:55.337Z</time>
      </trkpt>
      <trkpt lat="45.284906" lon="11.711447">
        <ele>161.420415</ele>
        <time>2026-05-06T21:31:01.299Z</time>
      </trkpt>
      <trkpt lat="45.284811" lon="11.711361">
        <ele>162.296780</ele>
        <time>2026-05-06T21:31:07.850Z</time>
      </trkpt>
      <trkpt lat="45.284708" lon="11.711104">
        <ele>164.120371</ele>
        <time>2026-05-06T21:31:19.888Z</time>
      </trkpt>
      <trkpt lat="45.284617" lon="11.710774">
        <ele>166.382347</ele>
        <time>2026-05-06T21:31:33.958Z</time>
      </trkpt>
      <trkpt lat="45.284524" lon="11.709710">
        <ele>173.224808</ele>
        <time>2026-05-06T21:32:17.854Z</time>
      </trkpt>
      <trkpt lat="45.284542" lon="11.709470">
        <ele>174.765125</ele>
        <time>2026-05-06T21:32:28.514Z</time>
      </trkpt>
      <trkpt lat="45.284596" lon="11.709213">
        <ele>176.476830</ele>
        <time>2026-05-06T21:32:41.260Z</time>
      </trkpt>
      <trkpt lat="45.284717" lon="11.708882">
        <ele>178.857315</ele>
        <time>2026-05-06T21:33:00.306Z</time>
      </trkpt>
      <trkpt lat="45.284954" lon="11.708576">
        <ele>181.520814</ele>
        <time>2026-05-06T21:33:21.372Z</time>
      </trkpt>
      <trkpt lat="45.285086" lon="11.708481">
        <ele>182.745979</ele>
        <time>2026-05-06T21:33:30.337Z</time>
      </trkpt>
      <trkpt lat="45.285161" lon="11.708385">
        <ele>183.581739</ele>
        <time>2026-05-06T21:33:36.204Z</time>
      </trkpt>
      <trkpt lat="45.285355" lon="11.708079">
        <ele>185.981477</ele>
        <time>2026-05-06T21:33:52.149Z</time>
      </trkpt>
      <trkpt lat="45.285393" lon="11.708027">
        <ele>186.418270</ele>
        <time>2026-05-06T21:33:55.801Z</time>
      </trkpt>
      <trkpt lat="45.285416" lon="11.707928">
        <ele>187.025669</ele>
        <time>2026-05-06T21:34:00.675Z</time>
      </trkpt>
      <trkpt lat="45.285411" lon="11.707896">
        <ele>187.216641</ele>
        <time>2026-05-06T21:34:02.104Z</time>
      </trkpt>
      <trkpt lat="45.285337" lon="11.707841">
        <ele>187.908120</ele>
        <time>2026-05-06T21:34:07.739Z</time>
      </trkpt>
      <trkpt lat="45.285142" lon="11.707843">
        <ele>189.522856</ele>
        <time>2026-05-06T21:34:20.459Z</time>
      </trkpt>
      <trkpt lat="45.284654" lon="11.707938">
        <ele>193.601459</ele>
        <time>2026-05-06T21:34:53.210Z</time>
      </trkpt>
      <trkpt lat="45.284544" lon="11.707939">
        <ele>194.633274</ele>
        <time>2026-05-06T21:35:00.658Z</time>
      </trkpt>
      <trkpt lat="45.284486" lon="11.707908">
        <ele>195.246211</ele>
        <time>2026-05-06T21:35:04.744Z</time>
      </trkpt>
      <trkpt lat="45.284306" lon="11.707664">
        <ele>197.706659</ele>
        <time>2026-05-06T21:35:21.085Z</time>
      </trkpt>
      <trkpt lat="45.284179" lon="11.707424">
        <ele>199.796646</ele>
        <time>2026-05-06T21:35:36.439Z</time>
      </trkpt>
      <trkpt lat="45.283972" lon="11.706914">
        <ele>203.894307</ele>
        <time>2026-05-06T21:36:11.512Z</time>
      </trkpt>
      <trkpt lat="45.283938" lon="11.706637">
        <ele>205.851246</ele>
        <time>2026-05-06T21:36:28.739Z</time>
      </trkpt>
      <trkpt lat="45.283984" lon="11.706399">
        <ele>207.569002</ele>
        <time>2026-05-06T21:36:44.194Z</time>
      </trkpt>
      <trkpt lat="45.284206" lon="11.705947">
        <ele>211.405391</ele>
        <time>2026-05-06T21:37:18.306Z</time>
      </trkpt>
      <trkpt lat="45.284196" lon="11.705747">
        <ele>212.551211</ele>
        <time>2026-05-06T21:37:29.944Z</time>
      </trkpt>
      <trkpt lat="45.284099" lon="11.705720">
        <ele>213.310762</ele>
        <time>2026-05-06T21:37:37.495Z</time>
      </trkpt>
      <trkpt lat="45.283884" lon="11.705744">
        <ele>214.968006</ele>
        <time>2026-05-06T21:37:53.231Z</time>
      </trkpt>
      <trkpt lat="45.283626" lon="11.705386">
        <ele>217.738793</ele>
        <time>2026-05-06T21:38:17.340Z</time>
      </trkpt>
      <trkpt lat="45.283465" lon="11.705226">
        <ele>219.248436</ele>
        <time>2026-05-06T21:38:29.714Z</time>
      </trkpt>
      <trkpt lat="45.283342" lon="11.705240">
        <ele>220.196649</ele>
        <time>2026-05-06T21:38:37.199Z</time>
      </trkpt>
      <trkpt lat="45.283228" lon="11.705330">
        <ele>221.198754</ele>
        <time>2026-05-06T21:38:44.770Z</time>
      </trkpt>
      <trkpt lat="45.283060" lon="11.705469">
        <ele>222.692564</ele>
        <time>2026-05-06T21:38:56.145Z</time>
      </trkpt>
      <trkpt lat="45.283007" lon="11.705461">
        <ele>223.102130</ele>
        <time>2026-05-06T21:38:59.324Z</time>
      </trkpt>
      <trkpt lat="45.282977" lon="11.705392">
        <ele>223.540682</ele>
        <time>2026-05-06T21:39:02.840Z</time>
      </trkpt>
      <trkpt lat="45.282986" lon="11.705289">
        <ele>224.101862</ele>
        <time>2026-05-06T21:39:07.460Z</time>
      </trkpt>
      <trkpt lat="45.283058" lon="11.705051">
        <ele>225.502588</ele>
        <time>2026-05-06T21:39:18.992Z</time>
      </trkpt>
      <trkpt lat="45.283199" lon="11.704662">
        <ele>227.870074</ele>
        <time>2026-05-06T21:39:38.957Z</time>
      </trkpt>
      <trkpt lat="45.284441" lon="11.704340">
        <ele>237.578021</ele>
        <time>2026-05-06T21:40:53.175Z</time>
      </trkpt>
      <trkpt lat="45.284502" lon="11.704300">
        <ele>238.094596</ele>
        <time>2026-05-06T21:40:56.688Z</time>
      </trkpt>
      <trkpt lat="45.284661" lon="11.704056">
        <ele>239.340594</ele>
        <time>2026-05-06T21:41:07.305Z</time>
      </trkpt>
      <trkpt lat="45.284864" lon="11.703928">
        <ele>239.359568</ele>
        <time>2026-05-06T21:41:15.460Z</time>
      </trkpt>
      <trkpt lat="45.285191" lon="11.703614">
        <ele>239.393284</ele>
        <time>2026-05-06T21:41:24.992Z</time>
      </trkpt>
      <trkpt lat="45.285267" lon="11.703594">
        <ele>239.399888</ele>
        <time>2026-05-06T21:41:26.403Z</time>
      </trkpt>
      <trkpt lat="45.286276" lon="11.703638">
        <ele>239.486134</ele>
        <time>2026-05-06T21:41:39.422Z</time>
      </trkpt>
      <trkpt lat="45.286625" lon="11.703450">
        <ele>239.652822</ele>
        <time>2026-05-06T21:41:43.889Z</time>
      </trkpt>
      <trkpt lat="45.286713" lon="11.703381">
        <ele>239.700026</ele>
        <time>2026-05-06T21:41:45.216Z</time>
      </trkpt>
      <trkpt lat="45.286832" lon="11.703192">
        <ele>239.783837</ele>
        <time>2026-05-06T21:41:47.670Z</time>
      </trkpt>
      <trkpt lat="45.286946" lon="11.702995">
        <ele>239.868126</ele>
        <time>2026-05-06T21:41:50.485Z</time>
      </trkpt>
      <trkpt lat="45.287002" lon="11.702853">
        <ele>239.921918</ele>
        <time>2026-05-06T21:41:52.896Z</time>
      </trkpt>
      <trkpt lat="45.287173" lon="11.702561">
        <ele>240.047459</ele>
        <time>2026-05-06T21:41:59.875Z</time>
      </trkpt>
      <trkpt lat="45.287255" lon="11.702441">
        <ele>240.102737</ele>
        <time>2026-05-06T21:42:03.251Z</time>
      </trkpt>
      <trkpt lat="45.287442" lon="11.701863">
        <ele>240.312959</ele>
        <time>2026-05-06T21:42:23.515Z</time>
      </trkpt>
      <trkpt lat="45.287506" lon="11.701567">
        <ele>241.518166</ele>
        <time>2026-05-06T21:42:33.950Z</time>
      </trkpt>
      <trkpt lat="45.287526" lon="11.701334">
        <ele>242.633172</ele>
        <time>2026-05-06T21:42:42.239Z</time>
      </trkpt>
      <trkpt lat="45.287527" lon="11.700281">
        <ele>247.635144</ele>
        <time>2026-05-06T21:43:30.710Z</time>
      </trkpt>
      <trkpt lat="45.287635" lon="11.699899">
        <ele>249.590754</ele>
        <time>2026-05-06T21:43:50.886Z</time>
      </trkpt>
      <trkpt lat="45.287746" lon="11.699729">
        <ele>250.692471</ele>
        <time>2026-05-06T21:44:01.911Z</time>
      </trkpt>
      <trkpt lat="45.287928" lon="11.699589">
        <ele>252.089706</ele>
        <time>2026-05-06T21:44:15.952Z</time>
      </trkpt>
      <trkpt lat="45.288229" lon="11.699486">
        <ele>254.082983</ele>
        <time>2026-05-06T21:44:36.900Z</time>
      </trkpt>
      <trkpt lat="45.288388" lon="11.699333">
        <ele>255.305502</ele>
        <time>2026-05-06T21:44:50.070Z</time>
      </trkpt>
      <trkpt lat="45.288468" lon="11.699120">
        <ele>256.387064</ele>
        <time>2026-05-06T21:45:02.035Z</time>
      </trkpt>
      <trkpt lat="45.288613" lon="11.698547">
        <ele>259.114742</ele>
        <time>2026-05-06T21:45:30.769Z</time>
      </trkpt>
      <trkpt lat="45.288784" lon="11.698185">
        <ele>261.067883</ele>
        <time>2026-05-06T21:45:46.181Z</time>
      </trkpt>
      <trkpt lat="45.288811" lon="11.698062">
        <ele>261.645042</ele>
        <time>2026-05-06T21:45:50.382Z</time>
      </trkpt>
      <trkpt lat="45.288830" lon="11.697729">
        <ele>263.141571</ele>
        <time>2026-05-06T21:46:01.397Z</time>
      </trkpt>
      <trkpt lat="45.288818" lon="11.697240">
        <ele>265.268930</ele>
        <time>2026-05-06T21:46:18.341Z</time>
      </trkpt>
      <trkpt lat="45.288652" lon="11.696749">
        <ele>267.597222</ele>
        <time>2026-05-06T21:46:40.202Z</time>
      </trkpt>
      <trkpt lat="45.288617" lon="11.696528">
        <ele>268.565423</ele>
        <time>2026-05-06T21:46:49.864Z</time>
      </trkpt>
      <trkpt lat="45.288622" lon="11.696409">
        <ele>269.074942</ele>
        <time>2026-05-06T21:46:55.090Z</time>
      </trkpt>
      <trkpt lat="45.288673" lon="11.696166">
        <ele>270.158765</ele>
        <time>2026-05-06T21:47:06.607Z</time>
      </trkpt>
      <trkpt lat="45.288789" lon="11.695884">
        <ele>271.554945</ele>
        <time>2026-05-06T21:47:20.987Z</time>
      </trkpt>
      <trkpt lat="45.288986" lon="11.695441">
        <ele>273.794870</ele>
        <time>2026-05-06T21:47:43.820Z</time>
      </trkpt>
      <trkpt lat="45.289259" lon="11.695021">
        <ele>275.875521</ele>
        <time>2026-05-06T21:48:09.851Z</time>
      </trkpt>
      <trkpt lat="45.289295" lon="11.694870">
        <ele>276.377952</ele>
        <time>2026-05-06T21:48:17.093Z</time>
      </trkpt>
      <trkpt lat="45.289260" lon="11.694713">
        <ele>276.896956</ele>
        <time>2026-05-06T21:48:24.393Z</time>
      </trkpt>
      <trkpt lat="45.289166" lon="11.694498">
        <ele>277.694668</ele>
        <time>2026-05-06T21:48:35.475Z</time>
      </trkpt>
      <trkpt lat="45.289195" lon="11.693981">
        <ele>279.329079</ele>
        <time>2026-05-06T21:48:56.527Z</time>
      </trkpt>
      <trkpt lat="45.289173" lon="11.693653">
        <ele>280.367404</ele>
        <time>2026-05-06T21:49:07.957Z</time>
      </trkpt>
      <trkpt lat="45.289113" lon="11.693406">
        <ele>281.190877</ele>
        <time>2026-05-06T21:49:15.782Z</time>
      </trkpt>
      <trkpt lat="45.288744" lon="11.692632">
        <ele>282.133080</ele>
        <time>2026-05-06T21:49:40.816Z</time>
      </trkpt>
      <trkpt lat="45.288690" lon="11.692582">
        <ele>281.949410</ele>
        <time>2026-05-06T21:49:43.040Z</time>
      </trkpt>
      <trkpt lat="45.288606" lon="11.692546">
        <ele>281.699370</ele>
        <time>2026-05-06T21:49:45.933Z</time>
      </trkpt>
      <trkpt lat="45.288484" lon="11.692387">
        <ele>281.227645</ele>
        <time>2026-05-06T21:49:51.108Z</time>
      </trkpt>
      <trkpt lat="45.288040" lon="11.690957">
        <ele>278.093618</ele>
        <time>2026-05-06T21:50:18.763Z</time>
      </trkpt>
      <trkpt lat="45.287677" lon="11.689177">
        <ele>268.251611</ele>
        <time>2026-05-06T21:50:47.549Z</time>
      </trkpt>
      <trkpt lat="45.287659" lon="11.689087">
        <ele>267.726840</ele>
        <time>2026-05-06T21:50:48.967Z</time>
      </trkpt>
      <trkpt lat="45.287627" lon="11.688934">
        <ele>266.831612</ele>
        <time>2026-05-06T21:50:51.400Z</time>
      </trkpt>
      <trkpt lat="45.287498" lon="11.688298">
        <ele>263.273719</ele>
        <time>2026-05-06T21:51:01.590Z</time>
      </trkpt>
      <trkpt lat="45.287418" lon="11.687893">
        <ele>262.023318</ele>
        <time>2026-05-06T21:51:08.190Z</time>
      </trkpt>
      <trkpt lat="45.287404" lon="11.687816">
        <ele>261.786918</ele>
        <time>2026-05-06T21:51:09.445Z</time>
      </trkpt>
      <trkpt lat="45.287347" lon="11.686811">
        <ele>258.789886</ele>
        <time>2026-05-06T21:51:26.389Z</time>
      </trkpt>
      <trkpt lat="45.287286" lon="11.686272">
        <ele>257.167123</ele>
        <time>2026-05-06T21:51:36.715Z</time>
      </trkpt>
      <trkpt lat="45.287263" lon="11.686110">
        <ele>256.675874</ele>
        <time>2026-05-06T21:51:38.785Z</time>
      </trkpt>
      <trkpt lat="45.287180" lon="11.685850">
        <ele>255.843186</ele>
        <time>2026-05-06T21:51:42.825Z</time>
      </trkpt>
      <trkpt lat="45.287099" lon="11.685749">
        <ele>255.726960</ele>
        <time>2026-05-06T21:51:45.375Z</time>
      </trkpt>
      <trkpt lat="45.286728" lon="11.685365">
        <ele>255.231922</ele>
        <time>2026-05-06T21:52:03.321Z</time>
      </trkpt>
      <trkpt lat="45.286272" lon="11.684924">
        <ele>254.636998</ele>
        <time>2026-05-06T21:52:21.736Z</time>
      </trkpt>
      <trkpt lat="45.286006" lon="11.684788">
        <ele>254.332080</ele>
        <time>2026-05-06T21:52:26.133Z</time>
      </trkpt>
      <trkpt lat="45.285874" lon="11.684821">
        <ele>254.187513</ele>
        <time>2026-05-06T21:52:28.134Z</time>
      </trkpt>
      <trkpt lat="45.285747" lon="11.685102">
        <ele>253.934053</ele>
        <time>2026-05-06T21:52:31.603Z</time>
      </trkpt>
      <trkpt lat="45.285739" lon="11.685195">
        <ele>253.646363</ele>
        <time>2026-05-06T21:52:32.582Z</time>
      </trkpt>
      <trkpt lat="45.285831" lon="11.685514">
        <ele>252.142631</ele>
        <time>2026-05-06T21:52:36.053Z</time>
      </trkpt>
      <trkpt lat="45.285831" lon="11.685674">
        <ele>251.444763</ele>
        <time>2026-05-06T21:52:37.640Z</time>
      </trkpt>
      <trkpt lat="45.285759" lon="11.685774">
        <ele>250.820686</ele>
        <time>2026-05-06T21:52:39.024Z</time>
      </trkpt>
      <trkpt lat="45.285642" lon="11.685826">
        <ele>250.060729</ele>
        <time>2026-05-06T21:52:40.691Z</time>
      </trkpt>
      <trkpt lat="45.285336" lon="11.685831">
        <ele>248.163605</ele>
        <time>2026-05-06T21:52:44.808Z</time>
      </trkpt>
      <trkpt lat="45.285112" lon="11.685750">
        <ele>246.730715</ele>
        <time>2026-05-06T21:52:47.929Z</time>
      </trkpt>
      <trkpt lat="45.284982" lon="11.685683">
        <ele>245.873452</ele>
        <time>2026-05-06T21:52:49.779Z</time>
      </trkpt>
      <trkpt lat="45.284726" lon="11.685423">
        <ele>243.922876</ele>
        <time>2026-05-06T21:52:53.946Z</time>
      </trkpt>
      <trkpt lat="45.284364" lon="11.685322">
        <ele>240.187635</ele>
        <time>2026-05-06T21:52:58.664Z</time>
      </trkpt>
      <trkpt lat="45.284046" lon="11.685125">
        <ele>235.261993</ele>
        <time>2026-05-06T21:53:02.883Z</time>
      </trkpt>
      <trkpt lat="45.283839" lon="11.685021">
        <ele>232.144512</ele>
        <time>2026-05-06T21:53:05.479Z</time>
      </trkpt>
      <trkpt lat="45.283729" lon="11.685000">
        <ele>230.568568</ele>
        <time>2026-05-06T21:53:06.704Z</time>
      </trkpt>
      <trkpt lat="45.283302" lon="11.685105">
        <ele>224.415415</ele>
        <time>2026-05-06T21:53:11.474Z</time>
      </trkpt>
      <trkpt lat="45.283097" lon="11.685078">
        <ele>221.492099</ele>
        <time>2026-05-06T21:53:13.736Z</time>
      </trkpt>
      <trkpt lat="45.283027" lon="11.685042">
        <ele>220.435081</ele>
        <time>2026-05-06T21:53:14.553Z</time>
      </trkpt>
      <trkpt lat="45.282996" lon="11.684999">
        <ele>219.820012</ele>
        <time>2026-05-06T21:53:15.031Z</time>
      </trkpt>
      <trkpt lat="45.282862" lon="11.684721">
        <ele>216.805374</ele>
        <time>2026-05-06T21:53:17.641Z</time>
      </trkpt>
      <trkpt lat="45.282806" lon="11.684538">
        <ele>215.728503</ele>
        <time>2026-05-06T21:53:19.278Z</time>
      </trkpt>
      <trkpt lat="45.282801" lon="11.684263">
        <ele>214.244031</ele>
        <time>2026-05-06T21:53:21.567Z</time>
      </trkpt>
      <trkpt lat="45.282909" lon="11.683568">
        <ele>210.403244</ele>
        <time>2026-05-06T21:53:27.706Z</time>
      </trkpt>
      <trkpt lat="45.282899" lon="11.682987">
        <ele>207.267075</ele>
        <time>2026-05-06T21:53:33.404Z</time>
      </trkpt>
      <trkpt lat="45.282854" lon="11.682623">
        <ele>205.272744</ele>
        <time>2026-05-06T21:53:37.917Z</time>
      </trkpt>
      <trkpt lat="45.282784" lon="11.682350">
        <ele>203.704787</ele>
        <time>2026-05-06T21:53:42.194Z</time>
      </trkpt>
      <trkpt lat="45.282704" lon="11.682222">
        <ele>203.548815</ele>
        <time>2026-05-06T21:53:45.070Z</time>
      </trkpt>
      <trkpt lat="45.282030" lon="11.681159">
        <ele>205.044206</ele>
        <time>2026-05-06T21:54:17.820Z</time>
      </trkpt>
      <trkpt lat="45.281960" lon="11.681081">
        <ele>205.176320</ele>
        <time>2026-05-06T21:54:21.318Z</time>
      </trkpt>
      <trkpt lat="45.281156" lon="11.680616">
        <ele>204.740468</ele>
        <time>2026-05-06T21:54:44.401Z</time>
      </trkpt>
      <trkpt lat="45.280979" lon="11.680521">
        <ele>203.710860</ele>
        <time>2026-05-06T21:54:47.200Z</time>
      </trkpt>
      <trkpt lat="45.280899" lon="11.680514">
        <ele>203.274687</ele>
        <time>2026-05-06T21:54:48.321Z</time>
      </trkpt>
      <trkpt lat="45.280864" lon="11.680398">
        <ele>202.791400</ele>
        <time>2026-05-06T21:54:49.370Z</time>
      </trkpt>
      <trkpt lat="45.280775" lon="11.680270">
        <ele>202.102350</ele>
        <time>2026-05-06T21:54:50.825Z</time>
      </trkpt>
      <trkpt lat="45.280777" lon="11.679951">
        <ele>200.880827</ele>
        <time>2026-05-06T21:54:53.338Z</time>
      </trkpt>
      <trkpt lat="45.280762" lon="11.679232">
        <ele>198.126513</ele>
        <time>2026-05-06T21:54:58.812Z</time>
      </trkpt>
      <trkpt lat="45.280777" lon="11.678965">
        <ele>197.100897</ele>
        <time>2026-05-06T21:55:00.791Z</time>
      </trkpt>
      <trkpt lat="45.281259" lon="11.677799">
        <ele>189.637419</ele>
        <time>2026-05-06T21:55:10.908Z</time>
      </trkpt>
      <trkpt lat="45.281741" lon="11.676947">
        <ele>183.269771</ele>
        <time>2026-05-06T21:55:19.481Z</time>
      </trkpt>
      <trkpt lat="45.281818" lon="11.676766">
        <ele>182.037814</ele>
        <time>2026-05-06T21:55:21.106Z</time>
      </trkpt>
      <trkpt lat="45.281874" lon="11.676520">
        <ele>180.002123</ele>
        <time>2026-05-06T21:55:23.076Z</time>
      </trkpt>
      <trkpt lat="45.281905" lon="11.676324">
        <ele>178.133005</ele>
        <time>2026-05-06T21:55:24.591Z</time>
      </trkpt>
      <trkpt lat="45.281934" lon="11.676143">
        <ele>176.405847</ele>
        <time>2026-05-06T21:55:25.965Z</time>
      </trkpt>
      <trkpt lat="45.282009" lon="11.674812">
        <ele>163.982395</ele>
        <time>2026-05-06T21:55:35.426Z</time>
      </trkpt>
      <trkpt lat="45.281982" lon="11.674727">
        <ele>163.114688</ele>
        <time>2026-05-06T21:55:36.080Z</time>
      </trkpt>
      <trkpt lat="45.281711" lon="11.674404">
        <ele>158.437830</ele>
        <time>2026-05-06T21:55:39.579Z</time>
      </trkpt>
      <trkpt lat="45.281278" lon="11.674402">
        <ele>153.519477</ele>
        <time>2026-05-06T21:55:43.886Z</time>
      </trkpt>
      <trkpt lat="45.281219" lon="11.674358">
        <ele>152.782922</ele>
        <time>2026-05-06T21:55:44.550Z</time>
      </trkpt>
      <trkpt lat="45.281148" lon="11.674188">
        <ele>151.245229</ele>
        <time>2026-05-06T21:55:45.952Z</time>
      </trkpt>
      <trkpt lat="45.281133" lon="11.673765">
        <ele>147.950853</ele>
        <time>2026-05-06T21:55:48.970Z</time>
      </trkpt>
      <trkpt lat="45.281160" lon="11.673219">
        <ele>143.693453</ele>
        <time>2026-05-06T21:55:53.035Z</time>
      </trkpt>
      <trkpt lat="45.281258" lon="11.672675">
        <ele>139.325609</ele>
        <time>2026-05-06T21:55:57.391Z</time>
      </trkpt>
      <trkpt lat="45.281333" lon="11.672451">
        <ele>137.539978</ele>
        <time>2026-05-06T21:55:59.394Z</time>
      </trkpt>
      <trkpt lat="45.281478" lon="11.672276">
        <ele>136.288360</ele>
        <time>2026-05-06T21:56:01.642Z</time>
      </trkpt>
      <trkpt lat="45.281929" lon="11.672203">
        <ele>133.301809</ele>
        <time>2026-05-06T21:56:07.017Z</time>
      </trkpt>
      <trkpt lat="45.281970" lon="11.672170">
        <ele>132.991792</ele>
        <time>2026-05-06T21:56:07.567Z</time>
      </trkpt>
      <trkpt lat="45.282404" lon="11.671813">
        <ele>129.692481</ele>
        <time>2026-05-06T21:56:13.326Z</time>
      </trkpt>
      <trkpt lat="45.282540" lon="11.671610">
        <ele>128.394839</ele>
        <time>2026-05-06T21:56:15.515Z</time>
      </trkpt>
      <trkpt lat="45.282592" lon="11.671353">
        <ele>127.156859</ele>
        <time>2026-05-06T21:56:17.561Z</time>
      </trkpt>
      <trkpt lat="45.282632" lon="11.671015">
        <ele>125.356160</ele>
        <time>2026-05-06T21:56:20.138Z</time>
      </trkpt>
      <trkpt lat="45.282722" lon="11.670684">
        <ele>122.700923</ele>
        <time>2026-05-06T21:56:22.752Z</time>
      </trkpt>
      <trkpt lat="45.282729" lon="11.670479">
        <ele>121.165189</ele>
        <time>2026-05-06T21:56:24.245Z</time>
      </trkpt>
      <trkpt lat="45.282684" lon="11.670292">
        <ele>119.686373</ele>
        <time>2026-05-06T21:56:25.670Z</time>
      </trkpt>
      <trkpt lat="45.282568" lon="11.670057">
        <ele>117.538398</ele>
        <time>2026-05-06T21:56:27.725Z</time>
      </trkpt>
      <trkpt lat="45.282549" lon="11.670024">
        <ele>117.219337</ele>
        <time>2026-05-06T21:56:28.032Z</time>
      </trkpt>
      <trkpt lat="45.282066" lon="11.669030">
        <ele>108.180334</ele>
        <time>2026-05-06T21:56:36.850Z</time>
      </trkpt>
      <trkpt lat="45.282011" lon="11.668864">
        <ele>106.807388</ele>
        <time>2026-05-06T21:56:38.202Z</time>
      </trkpt>
      <trkpt lat="45.281789" lon="11.668931">
        <ele>104.176826</ele>
        <time>2026-05-06T21:56:41.003Z</time>
      </trkpt>
      <trkpt lat="45.281679" lon="11.669051">
        <ele>102.568530</ele>
        <time>2026-05-06T21:56:42.711Z</time>
      </trkpt>
      <trkpt lat="45.281487" lon="11.669353">
        <ele>99.246992</ele>
        <time>2026-05-06T21:56:46.238Z</time>
      </trkpt>
      <trkpt lat="45.281363" lon="11.669427">
        <ele>97.687190</ele>
        <time>2026-05-06T21:56:47.885Z</time>
      </trkpt>
      <trkpt lat="45.281259" lon="11.669444">
        <ele>96.473040</ele>
        <time>2026-05-06T21:56:49.173Z</time>
      </trkpt>
      <trkpt lat="45.280925" lon="11.668941">
        <ele>90.828952</ele>
        <time>2026-05-06T21:57:00.165Z</time>
      </trkpt>
      <trkpt lat="45.280280" lon="11.668126">
        <ele>80.239216</ele>
        <time>2026-05-06T21:57:19.156Z</time>
      </trkpt>
      <trkpt lat="45.279975" lon="11.667833">
        <ele>75.484943</ele>
        <time>2026-05-06T21:57:27.221Z</time>
      </trkpt>
      <trkpt lat="45.279651" lon="11.667742">
        <ele>71.219822</ele>
        <time>2026-05-06T21:57:34.526Z</time>
      </trkpt>
      <trkpt lat="45.279606" lon="11.667677">
        <ele>70.391210</ele>
        <time>2026-05-06T21:57:35.935Z</time>
      </trkpt>
      <trkpt lat="45.279602" lon="11.667577">
        <ele>69.481040</ele>
        <time>2026-05-06T21:57:37.497Z</time>
      </trkpt>
      <trkpt lat="45.279481" lon="11.667384">
        <ele>67.132088</ele>
        <time>2026-05-06T21:57:39.566Z</time>
      </trkpt>
      <trkpt lat="45.279022" lon="11.666653">
        <ele>58.706192</ele>
        <time>2026-05-06T21:57:47.430Z</time>
      </trkpt>
      <trkpt lat="45.279034" lon="11.666090">
        <ele>54.133790</ele>
        <time>2026-05-06T21:57:51.953Z</time>
      </trkpt>
      <trkpt lat="45.278915" lon="11.665617">
        <ele>50.056034</ele>
        <time>2026-05-06T21:57:55.978Z</time>
      </trkpt>
      <trkpt lat="45.278873" lon="11.665363">
        <ele>47.937949</ele>
        <time>2026-05-06T21:57:58.087Z</time>
      </trkpt>
      <trkpt lat="45.278888" lon="11.665277">
        <ele>47.218691</ele>
        <time>2026-05-06T21:57:58.806Z</time>
      </trkpt>
      <trkpt lat="45.278903" lon="11.664126">
        <ele>39.606198</ele>
        <time>2026-05-06T21:58:08.262Z</time>
      </trkpt>
      <trkpt lat="45.278877" lon="11.663115">
        <ele>34.883851</ele>
        <time>2026-05-06T21:58:17.015Z</time>
      </trkpt>
      <trkpt lat="45.278800" lon="11.662919">
        <ele>33.836018</ele>
        <time>2026-05-06T21:58:19.051Z</time>
      </trkpt>
      <trkpt lat="45.278700" lon="11.662823">
        <ele>33.035476</ele>
        <time>2026-05-06T21:58:20.642Z</time>
      </trkpt>
      <trkpt lat="45.278639" lon="11.662804">
        <ele>32.621215</ele>
        <time>2026-05-06T21:58:21.466Z</time>
      </trkpt>
      <trkpt lat="45.278239" lon="11.662796">
        <ele>30.000280</ele>
        <time>2026-05-06T21:58:27.009Z</time>
      </trkpt>
      <trkpt lat="45.277561" lon="11.662672">
        <ele>28.358777</ele>
        <time>2026-05-06T21:58:36.925Z</time>
      </trkpt>
      <trkpt lat="45.277412" lon="11.662621">
        <ele>27.990752</ele>
        <time>2026-05-06T21:58:39.218Z</time>
      </trkpt>
      <trkpt lat="45.277357" lon="11.662560">
        <ele>27.823221</ele>
        <time>2026-05-06T21:58:40.273Z</time>
      </trkpt>
      <trkpt lat="45.277307" lon="11.662406">
        <ele>27.536639</ele>
        <time>2026-05-06T21:58:42.097Z</time>
      </trkpt>
      <trkpt lat="45.277154" lon="11.662366">
        <ele>27.163076</ele>
        <time>2026-05-06T21:58:44.247Z</time>
      </trkpt>
      <trkpt lat="45.276824" lon="11.662146">
        <ele>26.287786</ele>
        <time>2026-05-06T21:58:49.344Z</time>
      </trkpt>
      <trkpt lat="45.276822" lon="11.661981">
        <ele>26.008936</ele>
        <time>2026-05-06T21:58:50.959Z</time>
      </trkpt>
      <trkpt lat="45.276681" lon="11.661736">
        <ele>25.564951</ele>
        <time>2026-05-06T21:58:53.920Z</time>
      </trkpt>
      <trkpt lat="45.276316" lon="11.660924">
        <ele>24.592009</ele>
        <time>2026-05-06T21:59:02.962Z</time>
      </trkpt>
      <trkpt lat="45.275881" lon="11.660505">
        <ele>23.837920</ele>
        <time>2026-05-06T21:59:10.886Z</time>
      </trkpt>
      <trkpt lat="45.275533" lon="11.660102">
        <ele>23.193737</ele>
        <time>2026-05-06T21:59:17.924Z</time>
      </trkpt>
      <trkpt lat="45.275346" lon="11.659805">
        <ele>22.655768</ele>
        <time>2026-05-06T21:59:22.013Z</time>
      </trkpt>
      <trkpt lat="45.275252" lon="11.659596">
        <ele>22.301646</ele>
        <time>2026-05-06T21:59:24.467Z</time>
      </trkpt>
      <trkpt lat="45.275006" lon="11.659139">
        <ele>21.480198</ele>
        <time>2026-05-06T21:59:30.334Z</time>
      </trkpt>
      <trkpt lat="45.274746" lon="11.658830">
        <ele>20.792548</ele>
        <time>2026-05-06T21:59:35.053Z</time>
      </trkpt>
      <trkpt lat="45.274613" lon="11.658704">
        <ele>20.468251</ele>
        <time>2026-05-06T21:59:37.157Z</time>
      </trkpt>
      <trkpt lat="45.273566" lon="11.657886">
        <ele>17.886634</ele>
        <time>2026-05-06T21:59:52.035Z</time>
      </trkpt>
      <trkpt lat="45.273128" lon="11.657504">
        <ele>16.728742</ele>
        <time>2026-05-06T21:59:58.884Z</time>
      </trkpt>
      <trkpt lat="45.272651" lon="11.656756">
        <ele>15.236788</ele>
        <time>2026-05-06T22:00:09.548Z</time>
      </trkpt>
      <trkpt lat="45.272441" lon="11.656334">
        <ele>14.725079</ele>
        <time>2026-05-06T22:00:14.916Z</time>
      </trkpt>
      <trkpt lat="45.272426" lon="11.656306">
        <ele>14.690238</ele>
        <time>2026-05-06T22:00:15.253Z</time>
      </trkpt>
      <trkpt lat="45.272398" lon="11.656252">
        <ele>14.623830</ele>
        <time>2026-05-06T22:00:15.909Z</time>
      </trkpt>
      <trkpt lat="45.272356" lon="11.656015">
        <ele>14.381860</ele>
        <time>2026-05-06T22:00:18.326Z</time>
      </trkpt>
      <trkpt lat="45.272341" lon="11.655916">
        <ele>14.281598</ele>
        <time>2026-05-06T22:00:19.316Z</time>
      </trkpt>
      <trkpt lat="45.272306" lon="11.655869">
        <ele>14.213849</ele>
        <time>2026-05-06T22:00:19.987Z</time>
      </trkpt>
      <trkpt lat="45.272245" lon="11.655850">
        <ele>14.125993</ele>
        <time>2026-05-06T22:00:20.879Z</time>
      </trkpt>
      <trkpt lat="45.272188" lon="11.655885">
        <ele>14.038635</ele>
        <time>2026-05-06T22:00:21.759Z</time>
      </trkpt>
      <trkpt lat="45.272154" lon="11.655974">
        <ele>13.938373</ele>
        <time>2026-05-06T22:00:22.779Z</time>
      </trkpt>
      <trkpt lat="45.271860" lon="11.655848">
        <ele>13.506353</ele>
        <time>2026-05-06T22:00:27.169Z</time>
      </trkpt>
      <trkpt lat="45.271729" lon="11.655849">
        <ele>13.322051</ele>
        <time>2026-05-06T22:00:29.022Z</time>
      </trkpt>
      <trkpt lat="45.271622" lon="11.655876">
        <ele>13.169162</ele>
        <time>2026-05-06T22:00:30.552Z</time>
      </trkpt>
      <trkpt lat="45.271582" lon="11.655886">
        <ele>13.112023</ele>
        <time>2026-05-06T22:00:31.138Z</time>
      </trkpt>
      <trkpt lat="45.271586" lon="11.656250">
        <ele>12.812249</ele>
        <time>2026-05-06T22:00:34.698Z</time>
      </trkpt>
      <trkpt lat="45.271541" lon="11.656435">
        <ele>12.705389</ele>
        <time>2026-05-06T22:00:36.594Z</time>
      </trkpt>
      <trkpt lat="45.271422" lon="11.656693">
        <ele>12.536981</ele>
        <time>2026-05-06T22:00:39.588Z</time>
      </trkpt>
      <trkpt lat="45.271158" lon="11.657091">
        <ele>12.238392</ele>
        <time>2026-05-06T22:00:45.175Z</time>
      </trkpt>
      <trkpt lat="45.270777" lon="11.657647">
        <ele>11.814723</ele>
        <time>2026-05-06T22:00:54.436Z</time>
      </trkpt>
      <trkpt lat="45.270473" lon="11.658023">
        <ele>11.502067</ele>
        <time>2026-05-06T22:01:01.290Z</time>
      </trkpt>
      <trkpt lat="45.270237" lon="11.658226">
        <ele>11.326839</ele>
        <time>2026-05-06T22:01:05.788Z</time>
      </trkpt>
      <trkpt lat="45.270083" lon="11.658305">
        <ele>11.224037</ele>
        <time>2026-05-06T22:01:08.379Z</time>
      </trkpt>
      <trkpt lat="45.269973" lon="11.658323">
        <ele>11.154514</ele>
        <time>2026-05-06T22:01:10.111Z</time>
      </trkpt>
      <trkpt lat="45.269656" lon="11.658310">
        <ele>10.955395</ele>
        <time>2026-05-06T22:01:15.003Z</time>
      </trkpt>
      <trkpt lat="45.268797" lon="11.657909">
        <ele>10.387686</ele>
        <time>2026-05-06T22:01:28.618Z</time>
      </trkpt>
      <trkpt lat="45.268494" lon="11.657685">
        <ele>10.325053</ele>
        <time>2026-05-06T22:01:33.929Z</time>
      </trkpt>
      <trkpt lat="45.267959" lon="11.657327">
        <ele>10.252101</ele>
        <time>2026-05-06T22:01:43.563Z</time>
      </trkpt>
      <trkpt lat="45.267699" lon="11.657149">
        <ele>10.216498</ele>
        <time>2026-05-06T22:01:48.717Z</time>
      </trkpt>
      <trkpt lat="45.267005" lon="11.656683">
        <ele>10.189506</ele>
        <time>2026-05-06T22:02:02.656Z</time>
      </trkpt>
      <trkpt lat="45.266353" lon="11.656265">
        <ele>10.424437</ele>
        <time>2026-05-06T22:02:15.638Z</time>
      </trkpt>
      <trkpt lat="45.265440" lon="11.655653">
        <ele>10.783964</ele>
        <time>2026-05-06T22:02:34.559Z</time>
      </trkpt>
      <trkpt lat="45.265065" lon="11.655371">
        <ele>11.079435</ele>
        <time>2026-05-06T22:02:43.124Z</time>
      </trkpt>
      <trkpt lat="45.264839" lon="11.655164">
        <ele>11.266689</ele>
        <time>2026-05-06T22:02:48.719Z</time>
      </trkpt>
      <trkpt lat="45.264590" lon="11.654885">
        <ele>11.487525</ele>
        <time>2026-05-06T22:02:55.354Z</time>
      </trkpt>
      <trkpt lat="45.264206" lon="11.654337">
        <ele>11.866547</ele>
        <time>2026-05-06T22:03:06.827Z</time>
      </trkpt>
      <trkpt lat="45.264077" lon="11.654106">
        <ele>11.990682</ele>
        <time>2026-05-06T22:03:11.123Z</time>
      </trkpt>
      <trkpt lat="45.263800" lon="11.653485">
        <ele>12.083594</ele>
        <time>2026-05-06T22:03:20.965Z</time>
      </trkpt>
      <trkpt lat="45.263327" lon="11.652336">
        <ele>12.251811</ele>
        <time>2026-05-06T22:03:36.922Z</time>
      </trkpt>
      <trkpt lat="45.263002" lon="11.651701">
        <ele>12.361163</ele>
        <time>2026-05-06T22:03:46.262Z</time>
      </trkpt>
      <trkpt lat="45.262749" lon="11.651331">
        <ele>12.441198</ele>
        <time>2026-05-06T22:03:52.558Z</time>
      </trkpt>
      <trkpt lat="45.261882" lon="11.650463">
        <ele>12.674992</ele>
        <time>2026-05-06T22:04:12.217Z</time>
      </trkpt>
      <trkpt lat="45.261656" lon="11.650285">
        <ele>12.735447</ele>
        <time>2026-05-06T22:04:17.158Z</time>
      </trkpt>
      <trkpt lat="45.261412" lon="11.650133">
        <ele>12.801267</ele>
        <time>2026-05-06T22:04:22.205Z</time>
      </trkpt>
      <trkpt lat="45.260084" lon="11.649441">
        <ele>13.144520</ele>
        <time>2026-05-06T22:04:48.019Z</time>
      </trkpt>
      <trkpt lat="45.259968" lon="11.649358">
        <ele>13.117265</ele>
        <time>2026-05-06T22:04:50.254Z</time>
      </trkpt>
      <trkpt lat="45.259849" lon="11.649222">
        <ele>13.085218</ele>
        <time>2026-05-06T22:04:52.839Z</time>
      </trkpt>
      <trkpt lat="45.259675" lon="11.648926">
        <ele>13.028257</ele>
        <time>2026-05-06T22:04:57.396Z</time>
      </trkpt>
      <trkpt lat="45.259610" lon="11.648745">
        <ele>12.998244</ele>
        <time>2026-05-06T22:04:59.787Z</time>
      </trkpt>
      <trkpt lat="45.259505" lon="11.648372">
        <ele>12.938908</ele>
        <time>2026-05-06T22:05:04.424Z</time>
      </trkpt>
      <trkpt lat="45.259383" lon="11.647763">
        <ele>12.845384</ele>
        <time>2026-05-06T22:05:11.566Z</time>
      </trkpt>
      <trkpt lat="45.259278" lon="11.647421">
        <ele>12.790272</ele>
        <time>2026-05-06T22:05:15.729Z</time>
      </trkpt>
      <trkpt lat="45.258885" lon="11.646425">
        <ele>12.665352</ele>
        <time>2026-05-06T22:05:28.624Z</time>
      </trkpt>
      <trkpt lat="45.258747" lon="11.646152">
        <ele>12.630344</ele>
        <time>2026-05-06T22:05:32.573Z</time>
      </trkpt>
      <trkpt lat="45.257648" lon="11.644412">
        <ele>12.358821</ele>
        <time>2026-05-06T22:06:01.699Z</time>
      </trkpt>
      <trkpt lat="45.257589" lon="11.644316">
        <ele>12.342366</ele>
        <time>2026-05-06T22:06:03.214Z</time>
      </trkpt>
      <trkpt lat="45.257405" lon="11.644013">
        <ele>12.290696</ele>
        <time>2026-05-06T22:06:07.822Z</time>
      </trkpt>
      <trkpt lat="45.256771" lon="11.642995">
        <ele>12.132054</ele>
        <time>2026-05-06T22:06:22.908Z</time>
      </trkpt>
      <trkpt lat="45.256421" lon="11.642534">
        <ele>12.069663</ele>
        <time>2026-05-06T22:06:30.440Z</time>
      </trkpt>
      <trkpt lat="45.256186" lon="11.642278">
        <ele>12.030951</ele>
        <time>2026-05-06T22:06:35.341Z</time>
      </trkpt>
      <trkpt lat="45.255932" lon="11.642023">
        <ele>11.990293</ele>
        <time>2026-05-06T22:06:40.761Z</time>
      </trkpt>
      <trkpt lat="45.254909" lon="11.641142">
        <ele>12.034475</ele>
        <time>2026-05-06T22:07:02.993Z</time>
      </trkpt>
      <trkpt lat="45.253809" lon="11.640249">
        <ele>12.064268</ele>
        <time>2026-05-06T22:07:24.668Z</time>
      </trkpt>
      <trkpt lat="45.252551" lon="11.639325">
        <ele>11.597320</ele>
        <time>2026-05-06T22:07:47.455Z</time>
      </trkpt>
      <trkpt lat="45.251444" lon="11.638463">
        <ele>11.329373</ele>
        <time>2026-05-06T22:08:07.663Z</time>
      </trkpt>
      <trkpt lat="45.251279" lon="11.638375">
        <ele>11.293982</ele>
        <time>2026-05-06T22:08:10.790Z</time>
      </trkpt>
      <trkpt lat="45.251151" lon="11.638343">
        <ele>11.267883</ele>
        <time>2026-05-06T22:08:13.093Z</time>
      </trkpt>
      <trkpt lat="45.250738" lon="11.638375">
        <ele>11.212106</ele>
        <time>2026-05-06T22:08:20.412Z</time>
      </trkpt>
      <trkpt lat="45.250673" lon="11.638535">
        <ele>11.235575</ele>
        <time>2026-05-06T22:08:22.747Z</time>
      </trkpt>
      <trkpt lat="45.250550" lon="11.638817">
        <ele>11.277721</ele>
        <time>2026-05-06T22:08:26.993Z</time>
      </trkpt>
      <trkpt lat="45.250443" lon="11.639062">
        <ele>11.314350</ele>
        <time>2026-05-06T22:08:30.644Z</time>
      </trkpt>
      <trkpt lat="45.250297" lon="11.638998">
        <ele>11.341923</ele>
        <time>2026-05-06T22:08:33.774Z</time>
      </trkpt>
      <trkpt lat="45.250163" lon="11.639007">
        <ele>11.366132</ele>
        <time>2026-05-06T22:08:36.609Z</time>
      </trkpt>
      <trkpt lat="45.249999" lon="11.639044">
        <ele>11.396099</ele>
        <time>2026-05-06T22:08:40.161Z</time>
      </trkpt>
      <trkpt lat="45.245331" lon="11.640574">
        <ele>11.744938</ele>
        <time>2026-05-06T22:10:13.169Z</time>
      </trkpt>
      <trkpt lat="45.244343" lon="11.641007">
        <ele>11.858615</ele>
        <time>2026-05-06T22:10:34.028Z</time>
      </trkpt>
      <trkpt lat="45.241575" lon="11.642262">
        <ele>11.414396</ele>
        <time>2026-05-06T22:11:28.170Z</time>
      </trkpt>
      <trkpt lat="45.241303" lon="11.642354">
        <ele>11.361590</ele>
        <time>2026-05-06T22:11:33.298Z</time>
      </trkpt>
      <trkpt lat="45.240914" lon="11.642425">
        <ele>11.287520</ele>
        <time>2026-05-06T22:11:40.530Z</time>
      </trkpt>
      <trkpt lat="45.240026" lon="11.642898">
        <ele>11.361422</ele>
        <time>2026-05-06T22:11:58.502Z</time>
      </trkpt>
      <trkpt lat="45.238859" lon="11.643339">
        <ele>11.615043</ele>
        <time>2026-05-06T22:12:23.318Z</time>
      </trkpt>
      <trkpt lat="45.238734" lon="11.643437">
        <ele>11.671476</ele>
        <time>2026-05-06T22:12:26.449Z</time>
      </trkpt>
      <trkpt lat="45.238667" lon="11.643529">
        <ele>11.708311</ele>
        <time>2026-05-06T22:12:28.612Z</time>
      </trkpt>
      <trkpt lat="45.238625" lon="11.643649">
        <ele>11.745606</ele>
        <time>2026-05-06T22:12:30.766Z</time>
      </trkpt>
      <trkpt lat="45.238595" lon="11.644067">
        <ele>11.862542</ele>
        <time>2026-05-06T22:12:37.237Z</time>
      </trkpt>
      <trkpt lat="45.238543" lon="11.644425">
        <ele>11.964274</ele>
        <time>2026-05-06T22:12:42.781Z</time>
      </trkpt>
      <trkpt lat="45.238538" lon="11.644650">
        <ele>12.026925</ele>
        <time>2026-05-06T22:12:46.163Z</time>
      </trkpt>
      <trkpt lat="45.238420" lon="11.644783">
        <ele>12.086467</ele>
        <time>2026-05-06T22:12:49.451Z</time>
      </trkpt>
      <trkpt lat="45.238416" lon="11.644920">
        <ele>12.124628</ele>
        <time>2026-05-06T22:12:51.545Z</time>
      </trkpt>
      <trkpt lat="45.238336" lon="11.645024">
        <ele>12.167495</ele>
        <time>2026-05-06T22:12:53.855Z</time>
      </trkpt>
      <trkpt lat="45.238307" lon="11.645058">
        <ele>12.182358</ele>
        <time>2026-05-06T22:12:55.133Z</time>
      </trkpt>
      <trkpt lat="45.238211" lon="11.644972">
        <ele>12.227219</ele>
        <time>2026-05-06T22:12:57.441Z</time>
      </trkpt>
      <trkpt lat="45.238096" lon="11.644989">
        <ele>12.272917</ele>
        <time>2026-05-06T22:12:59.783Z</time>
      </trkpt>
      <trkpt lat="45.237272" lon="11.645418">
        <ele>12.029899</ele>
        <time>2026-05-06T22:13:16.261Z</time>
      </trkpt>
      <trkpt lat="45.236916" lon="11.645663">
        <ele>11.895349</ele>
        <time>2026-05-06T22:13:23.255Z</time>
      </trkpt>
      <trkpt lat="45.236396" lon="11.646361">
        <ele>11.666674</ele>
        <time>2026-05-06T22:13:35.891Z</time>
      </trkpt>
      <trkpt lat="45.235917" lon="11.647077">
        <ele>11.519217</ele>
        <time>2026-05-06T22:13:48.344Z</time>
      </trkpt>
      <trkpt lat="45.235756" lon="11.647364">
        <ele>11.464430</ele>
        <time>2026-05-06T22:13:53.080Z</time>
      </trkpt>
      <trkpt lat="45.235469" lon="11.647986">
        <ele>11.353399</ele>
        <time>2026-05-06T22:14:02.984Z</time>
      </trkpt>
      <trkpt lat="45.235233" lon="11.648291">
        <ele>11.408530</ele>
        <time>2026-05-06T22:14:09.309Z</time>
      </trkpt>
      <trkpt lat="45.235092" lon="11.648411">
        <ele>11.552866</ele>
        <time>2026-05-06T22:14:12.721Z</time>
      </trkpt>
      <trkpt lat="45.234221" lon="11.648944">
        <ele>12.385632</ele>
        <time>2026-05-06T22:14:34.696Z</time>
      </trkpt>
      <trkpt lat="45.233918" lon="11.649167">
        <ele>12.685289</ele>
        <time>2026-05-06T22:14:43.383Z</time>
      </trkpt>
      <trkpt lat="45.233556" lon="11.649531">
        <ele>13.029354</ele>
        <time>2026-05-06T22:14:54.779Z</time>
      </trkpt>
      <trkpt lat="45.233280" lon="11.649947">
        <ele>13.296415</ele>
        <time>2026-05-06T22:15:04.642Z</time>
      </trkpt>
      <trkpt lat="45.233441" lon="11.649840">
        <ele>13.414363</ele>
        <time>2026-05-06T22:15:08.652Z</time>
      </trkpt>
      <trkpt lat="45.233485" lon="11.649857">
        <ele>13.444619</ele>
        <time>2026-05-06T22:15:09.603Z</time>
      </trkpt>
      <trkpt lat="45.233478" lon="11.649911">
        <ele>13.470276</ele>
        <time>2026-05-06T22:15:10.489Z</time>
      </trkpt>
      <trkpt lat="45.233222" lon="11.650275">
        <ele>13.710654</ele>
        <time>2026-05-06T22:15:18.419Z</time>
      </trkpt>
      <trkpt lat="45.233241" lon="11.650296">
        <ele>13.726629</ele>
        <time>2026-05-06T22:15:18.871Z</time>
      </trkpt>
      <trkpt lat="45.232912" lon="11.650906">
        <ele>14.082574</ele>
        <time>2026-05-06T22:15:28.319Z</time>
      </trkpt>
      <trkpt lat="45.232882" lon="11.650965">
        <ele>14.084877</ele>
        <time>2026-05-06T22:15:29.231Z</time>
      </trkpt>
      <trkpt lat="45.232184" lon="11.652137">
        <ele>14.133466</ele>
        <time>2026-05-06T22:15:47.563Z</time>
      </trkpt>
      <trkpt lat="45.232049" lon="11.652283">
        <ele>14.141094</ele>
        <time>2026-05-06T22:15:50.616Z</time>
      </trkpt>
      <trkpt lat="45.231610" lon="11.652648">
        <ele>14.164865</ele>
        <time>2026-05-06T22:15:59.589Z</time>
      </trkpt>
      <trkpt lat="45.231262" lon="11.653108">
        <ele>14.211596</ele>
        <time>2026-05-06T22:16:07.808Z</time>
      </trkpt>
      <trkpt lat="45.230576" lon="11.654069">
        <ele>14.306313</ele>
        <time>2026-05-06T22:16:24.378Z</time>
      </trkpt>
      <trkpt lat="45.230328" lon="11.654406">
        <ele>14.340157</ele>
        <time>2026-05-06T22:16:30.599Z</time>
      </trkpt>
      <trkpt lat="45.230247" lon="11.654523">
        <ele>14.369822</ele>
        <time>2026-05-06T22:16:32.812Z</time>
      </trkpt>
      <trkpt lat="45.230170" lon="11.654640">
        <ele>14.398776</ele>
        <time>2026-05-06T22:16:35.023Z</time>
      </trkpt>
      <trkpt lat="45.229912" lon="11.655053">
        <ele>14.498595</ele>
        <time>2026-05-06T22:16:42.284Z</time>
      </trkpt>
      <trkpt lat="45.229866" lon="11.655134">
        <ele>14.517409</ele>
        <time>2026-05-06T22:16:43.571Z</time>
      </trkpt>
      <trkpt lat="45.229807" lon="11.655237">
        <ele>14.541415</ele>
        <time>2026-05-06T22:16:45.200Z</time>
      </trkpt>
      <trkpt lat="45.229608" lon="11.655595">
        <ele>14.623879</ele>
        <time>2026-05-06T22:16:51.005Z</time>
      </trkpt>
      <trkpt lat="45.229451" lon="11.655876">
        <ele>14.688735</ele>
        <time>2026-05-06T22:16:55.540Z</time>
      </trkpt>
      <trkpt lat="45.229087" lon="11.656483">
        <ele>14.801769</ele>
        <time>2026-05-06T22:17:06.260Z</time>
      </trkpt>
      <trkpt lat="45.229019" lon="11.656599">
        <ele>14.801769</ele>
        <time>2026-05-06T22:17:08.494Z</time>
      </trkpt>
      <trkpt lat="45.228920" lon="11.656777">
        <ele>14.801769</ele>
        <time>2026-05-06T22:17:11.358Z</time>
      </trkpt>
      <trkpt lat="45.228574" lon="11.657436">
        <ele>14.801769</ele>
        <time>2026-05-06T22:17:20.397Z</time>
      </trkpt>
      <trkpt lat="45.228387" lon="11.657808">
        <ele>14.801769</ele>
        <time>2026-05-06T22:17:25.322Z</time>
      </trkpt>
      <trkpt lat="45.228365" lon="11.657891">
        <ele>14.801769</ele>
        <time>2026-05-06T22:17:26.268Z</time>
      </trkpt>
      <trkpt lat="45.228375" lon="11.658004">
        <ele>14.801769</ele>
        <time>2026-05-06T22:17:27.480Z</time>
      </trkpt>
      <trkpt lat="45.228431" lon="11.658168">
        <ele>14.801769</ele>
        <time>2026-05-06T22:17:29.381Z</time>
      </trkpt>
      <trkpt lat="45.228805" lon="11.658844">
        <ele>14.801769</ele>
        <time>2026-05-06T22:17:38.390Z</time>
      </trkpt>
      <trkpt lat="45.228864" lon="11.658949">
        <ele>14.801769</ele>
        <time>2026-05-06T22:17:39.791Z</time>
      </trkpt>
      <trkpt lat="45.228989" lon="11.659173">
        <ele>14.801769</ele>
        <time>2026-05-06T22:17:42.714Z</time>
      </trkpt>
    </trkseg>
  </trk>
</gpx>